IBGX LN Equity,ISXF LN Equity,IGLT LN Equity,IBTS LN Equity,IBCI LN Equity,IUSA LN Equity,IWDP LN Equity,INAA LN Equity,IUKD LN Equity,IUKP LN Equity,
IBGX LN Equity,ISXF LN Equity,IGLT LN Equity,IBTS LN Equity,IBCI LN Equity,IUSA LN Equity,IWDP LN Equity,INAA LN Equity,IUKD LN Equity,IUKP LN Equity,
IBGX LN Equity,ISXF LN Equity,IGLT LN Equity,IBTS LN Equity,IBCI LN Equity,IUSA LN Equity,IWDP LN Equity,INAA LN Equity,IUKD LN Equity,IUKP LN Equity,
IBGX LN Equity,ISXF LN Equity,IGLT LN Equity,IBTS LN Equity,IBCI LN Equity,IUSA LN Equity,IWDP LN Equity,INAA LN Equity,IUKD LN Equity,IUKP LN Equity,
IEAC LN Equity,ISXF LN Equity,LQDE LN Equity,IGLT LN Equity,IBTS LN Equity,IUSA LN Equity,IWDP LN Equity,INAA LN Equity,IUKD LN Equity,IUKP LN Equity,
IEAC LN Equity,ISXF LN Equity,LQDE LN Equity,IGLT LN Equity,IBTS LN Equity,IEEM LN Equity,IEUX LN Equity,IUSP LN Equity,IKOR LN Equity,SUK2 LN Equity,
IEAC LN Equity,ISXF LN Equity,LQDE LN Equity,IGLT LN Equity,IBTS LN Equity,IEEM LN Equity,IEUX LN Equity,IUSP LN Equity,IKOR LN Equity,SUK2 LN Equity,
IEAC LN Equity,ISXF LN Equity,LQDE LN Equity,IGLT LN Equity,IBTS LN Equity,IEEM LN Equity,IEUX LN Equity,IUSP LN Equity,IKOR LN Equity,SUK2 LN Equity,
IEAC LN Equity,ISXF LN Equity,LQDE LN Equity,IGLT LN Equity,IBTS LN Equity,IEEM LN Equity,IEUX LN Equity,IUSP LN Equity,IKOR LN Equity,SUK2 LN Equity,
IEAC LN Equity,ISXF LN Equity,LQDE LN Equity,IGLT LN Equity,IBTS LN Equity,IEEM LN Equity,IEUX LN Equity,IUSP LN Equity,IKOR LN Equity,SUK2 LN Equity,
IEAC LN Equity,ISXF LN Equity,LQDE LN Equity,IGLT LN Equity,IBTS LN Equity,IEEM LN Equity,IEUX LN Equity,IUSP LN Equity,IKOR LN Equity,SUK2 LN Equity,
IEAC LN Equity,ISXF LN Equity,LQDE LN Equity,IGLT LN Equity,IBTS LN Equity,IEEM LN Equity,IEUX LN Equity,IUSP LN Equity,IKOR LN Equity,SUK2 LN Equity,
IEAC LN Equity,ISXF LN Equity,LQDE LN Equity,IGLT LN Equity,IBTS LN Equity,IEEM LN Equity,IEUX LN Equity,IUSP LN Equity,IKOR LN Equity,SUK2 LN Equity,
IEAC LN Equity,ISXF LN Equity,LQDE LN Equity,IGLT LN Equity,IBTS LN Equity,IEEM LN Equity,IEUX LN Equity,IUSP LN Equity,IKOR LN Equity,SUK2 LN Equity,
IEAC LN Equity,ISXF LN Equity,LQDE LN Equity,IGLT LN Equity,IBTS LN Equity,IEEM LN Equity,IEUX LN Equity,IUSP LN Equity,IKOR LN Equity,SUK2 LN Equity,
IEAC LN Equity,ISXF LN Equity,LQDE LN Equity,IGLT LN Equity,IBTS LN Equity,IEEM LN Equity,IEUX LN Equity,IUSP LN Equity,IKOR LN Equity,SUK2 LN Equity,
IEAC LN Equity,ISXF LN Equity,LQDE LN Equity,IGLT LN Equity,IBTS LN Equity,IEEM LN Equity,IEUX LN Equity,IUSP LN Equity,IKOR LN Equity,SUK2 LN Equity,
IEAC LN Equity,ISXF LN Equity,LQDE LN Equity,IGLT LN Equity,IBTS LN Equity,INAA LN Equity,IFFF LN Equity,IDP6 LN Equity,IUKP LN Equity,XLFS LN Equity,
IEAC LN Equity,ISXF LN Equity,LQDE LN Equity,IGLT LN Equity,IBTS LN Equity,IEUX LN Equity,IFFF LN Equity,IDVY LN Equity,IMIB LN Equity,SUK2 LN Equity,
IEAC LN Equity,ISXF LN Equity,LQDE LN Equity,IGLT LN Equity,IBTS LN Equity,IEUX LN Equity,IFFF LN Equity,IDVY LN Equity,IMIB LN Equity,SUK2 LN Equity,
IEAC LN Equity,ISXF LN Equity,LQDE LN Equity,IGLT LN Equity,IBTS LN Equity,ISF LN Equity,INAA LN Equity,IUKP LN Equity,XLIS LN Equity,XLES LN Equity,
IEAC LN Equity,ISXF LN Equity,LQDE LN Equity,IGLT LN Equity,IBTS LN Equity,ISF LN Equity,INAA LN Equity,IUKP LN Equity,XLIS LN Equity,XLES LN Equity,
IEAC LN Equity,ISXF LN Equity,LQDE LN Equity,IGLT LN Equity,IBTS LN Equity,ISF LN Equity,INAA LN Equity,IUKP LN Equity,XLIS LN Equity,XLES LN Equity,
IEAC LN Equity,ISXF LN Equity,LQDE LN Equity,IGLT LN Equity,IBTS LN Equity,ISF LN Equity,INAA LN Equity,IUKP LN Equity,XLIS LN Equity,XLES LN Equity,
IEAC LN Equity,ISXF LN Equity,LQDE LN Equity,IGLT LN Equity,IBTS LN Equity,ISF LN Equity,INAA LN Equity,IUKP LN Equity,XLIS LN Equity,XLES LN Equity,
IEAC LN Equity,ISXF LN Equity,LQDE LN Equity,IGLT LN Equity,IBTS LN Equity,ISF LN Equity,INAA LN Equity,IUKP LN Equity,XLIS LN Equity,XLES LN Equity,
IEAC LN Equity,ISXF LN Equity,LQDE LN Equity,IGLT LN Equity,IBTS LN Equity,ISF LN Equity,INAA LN Equity,IUKP LN Equity,XLIS LN Equity,XLES LN Equity,
IEAC LN Equity,ISXF LN Equity,LQDE LN Equity,IGLT LN Equity,IBTS LN Equity,ISF LN Equity,INAA LN Equity,IUKP LN Equity,XLIS LN Equity,XLES LN Equity,
IEAC LN Equity,ISXF LN Equity,LQDE LN Equity,IGLT LN Equity,IBTS LN Equity,ISF LN Equity,INAA LN Equity,IUKP LN Equity,XLIS LN Equity,XLES LN Equity,
IEAC LN Equity,ISXF LN Equity,LQDE LN Equity,IGLT LN Equity,IBTS LN Equity,ISF LN Equity,IMIB LN Equity,FXC LN Equity,IKOR LN Equity,DEL2 LN Equity,
IEAC LN Equity,ISXF LN Equity,LQDE LN Equity,IGLT LN Equity,IBTS LN Equity,ISF LN Equity,IMIB LN Equity,FXC LN Equity,IKOR LN Equity,DEL2 LN Equity,
IEAC LN Equity,ISXF LN Equity,LQDE LN Equity,IGLT LN Equity,IBTS LN Equity,ISF LN Equity,IMIB LN Equity,FXC LN Equity,IKOR LN Equity,DEL2 LN Equity,
IEAC LN Equity,ISXF LN Equity,LQDE LN Equity,IGLT LN Equity,IBTS LN Equity,ISF LN Equity,IMIB LN Equity,FXC LN Equity,IKOR LN Equity,DEL2 LN Equity,
IEAC LN Equity,ISXF LN Equity,LQDE LN Equity,IGLT LN Equity,IBTS LN Equity,ISF LN Equity,IMIB LN Equity,FXC LN Equity,IKOR LN Equity,DEL2 LN Equity,
IEAC LN Equity,ISXF LN Equity,LQDE LN Equity,IGLT LN Equity,IBTS LN Equity,ISF LN Equity,IMIB LN Equity,FXC LN Equity,IKOR LN Equity,DEL2 LN Equity,
IEAC LN Equity,ISXF LN Equity,LQDE LN Equity,IGLT LN Equity,IBTS LN Equity,ISF LN Equity,IMIB LN Equity,FXC LN Equity,IKOR LN Equity,DEL2 LN Equity,
IEAC LN Equity,ISXF LN Equity,LQDE LN Equity,IGLT LN Equity,IBTS LN Equity,SWDA LN Equity,SJPA LN Equity,IUKP LN Equity,IUSP LN Equity,LTAM LN Equity,
IEAC LN Equity,ISXF LN Equity,LQDE LN Equity,IGLT LN Equity,IBTS LN Equity,SWDA LN Equity,SJPA LN Equity,IUKP LN Equity,IUSP LN Equity,LTAM LN Equity,
IEAC LN Equity,ISXF LN Equity,LQDE LN Equity,IGLT LN Equity,IBTS LN Equity,SWDA LN Equity,SJPA LN Equity,IUKP LN Equity,IUSP LN Equity,LTAM LN Equity,
IEAC LN Equity,ISXF LN Equity,LQDE LN Equity,IGLT LN Equity,IBTS LN Equity,SWDA LN Equity,SJPA LN Equity,IUKP LN Equity,IUSP LN Equity,LTAM LN Equity,
IEAC LN Equity,ISXF LN Equity,LQDE LN Equity,IGLT LN Equity,IBTS LN Equity,SWDA LN Equity,SJPA LN Equity,IUKP LN Equity,IUSP LN Equity,LTAM LN Equity,
IEAC LN Equity,ISXF LN Equity,LQDE LN Equity,IGLT LN Equity,IBTS LN Equity,SWDA LN Equity,SJPA LN Equity,IUKP LN Equity,IUSP LN Equity,LTAM LN Equity,
IEAC LN Equity,ISXF LN Equity,LQDE LN Equity,IGLT LN Equity,IBTS LN Equity,SWDA LN Equity,SJPA LN Equity,IUKP LN Equity,IUSP LN Equity,LTAM LN Equity,
IEAC LN Equity,ISXF LN Equity,LQDE LN Equity,IGLT LN Equity,IBTS LN Equity,SWDA LN Equity,SJPA LN Equity,IUKP LN Equity,IUSP LN Equity,LTAM LN Equity,
IEAC LN Equity,ISXF LN Equity,LQDE LN Equity,IGLT LN Equity,IBTS LN Equity,SWDA LN Equity,SJPA LN Equity,IUKP LN Equity,IUSP LN Equity,LTAM LN Equity,
IEAC LN Equity,ISXF LN Equity,LQDE LN Equity,IGLT LN Equity,IBTS LN Equity,SWDA LN Equity,SJPA LN Equity,IUKP LN Equity,IUSP LN Equity,LTAM LN Equity,
IEAC LN Equity,ISXF LN Equity,LQDE LN Equity,IGLT LN Equity,IBTS LN Equity,IJPN LN Equity,SJPA LN Equity,IUSP LN Equity,XLKS LN Equity,IKOR LN Equity,
IEAC LN Equity,ISXF LN Equity,LQDE LN Equity,IGLT LN Equity,IBTS LN Equity,IJPN LN Equity,SJPA LN Equity,IUSP LN Equity,XLKS LN Equity,IKOR LN Equity,
IEAC LN Equity,ISXF LN Equity,LQDE LN Equity,IGLT LN Equity,IBTS LN Equity,IJPN LN Equity,SJPA LN Equity,IUSP LN Equity,XLKS LN Equity,IKOR LN Equity,
IEAC LN Equity,ISXF LN Equity,LQDE LN Equity,IGLT LN Equity,IBTS LN Equity,IJPE LN Equity,IUSE LN Equity,IUKP LN Equity,IWDE LN Equity,DEL2 LN Equity,
IEAC LN Equity,ISXF LN Equity,LQDE LN Equity,IGLT LN Equity,IBTS LN Equity,IJPE LN Equity,IUSE LN Equity,IUKP LN Equity,IWDE LN Equity,DEL2 LN Equity,
IEAC LN Equity,ISXF LN Equity,LQDE LN Equity,IGLT LN Equity,IBTS LN Equity,IJPE LN Equity,IUSE LN Equity,IUKP LN Equity,IWDE LN Equity,DEL2 LN Equity,
IEAC LN Equity,ISXF LN Equity,LQDE LN Equity,IGLT LN Equity,IBTS LN Equity,IJPE LN Equity,IUSE LN Equity,IUKP LN Equity,IWDE LN Equity,DEL2 LN Equity,
IEAC LN Equity,ISXF LN Equity,LQDE LN Equity,IGLT LN Equity,IBTS LN Equity,IJPE LN Equity,IUSE LN Equity,IUKP LN Equity,IWDE LN Equity,DEL2 LN Equity,
IEAC LN Equity,ISXF LN Equity,LQDE LN Equity,IGLT LN Equity,IBTS LN Equity,IJPE LN Equity,IUSE LN Equity,IUKP LN Equity,IWDE LN Equity,DEL2 LN Equity,
IEAC LN Equity,ISXF LN Equity,LQDE LN Equity,IGLT LN Equity,IBTS LN Equity,IJPE LN Equity,IUSE LN Equity,IUKP LN Equity,IWDE LN Equity,DEL2 LN Equity,
IEAC LN Equity,ISXF LN Equity,LQDE LN Equity,IGLT LN Equity,IBTS LN Equity,IJPE LN Equity,IUSE LN Equity,IUKP LN Equity,IWDE LN Equity,DEL2 LN Equity,
IEAC LN Equity,ISXF LN Equity,LQDE LN Equity,IGLT LN Equity,IBTS LN Equity,IJPE LN Equity,IUSE LN Equity,IUKP LN Equity,IWDE LN Equity,DEL2 LN Equity,
IEAC LN Equity,ISXF LN Equity,LQDE LN Equity,IGLT LN Equity,IBTS LN Equity,IJPE LN Equity,IUSE LN Equity,IUKP LN Equity,IWDE LN Equity,DEL2 LN Equity,
IEAC LN Equity,ISXF LN Equity,LQDE LN Equity,IGLT LN Equity,IBTS LN Equity,IJPE LN Equity,IUSE LN Equity,IUKP LN Equity,IWDE LN Equity,DEL2 LN Equity,
IEAC LN Equity,ISXF LN Equity,LQDE LN Equity,IGLT LN Equity,IBTS LN Equity,IJPE LN Equity,IUSE LN Equity,IUKP LN Equity,IWDE LN Equity,DEL2 LN Equity,
IEAC LN Equity,ISXF LN Equity,LQDE LN Equity,IGLT LN Equity,IBTS LN Equity,IJPE LN Equity,IUSE LN Equity,IUKP LN Equity,IWDE LN Equity,DEL2 LN Equity,
IEAC LN Equity,ISXF LN Equity,LQDE LN Equity,IGLT LN Equity,IBTS LN Equity,IJPE LN Equity,IUSE LN Equity,IUKP LN Equity,IWDE LN Equity,DEL2 LN Equity,
IEAC LN Equity,ISXF LN Equity,LQDE LN Equity,IGLT LN Equity,IBTS LN Equity,IJPE LN Equity,IUSE LN Equity,IUKP LN Equity,IWDE LN Equity,DEL2 LN Equity,
IEAC LN Equity,ISXF LN Equity,LQDE LN Equity,IGLT LN Equity,IBTS LN Equity,IJPE LN Equity,IUSE LN Equity,IUKP LN Equity,IWDE LN Equity,DEL2 LN Equity,
IEAC LN Equity,ISXF LN Equity,LQDE LN Equity,IGLT LN Equity,IBTS LN Equity,IMEU LN Equity,IUKP LN Equity,IMIB LN Equity,FXC LN Equity,XLVS LN Equity,
IEAC LN Equity,ISXF LN Equity,LQDE LN Equity,IGLT LN Equity,IBTS LN Equity,IMEU LN Equity,IJPE LN Equity,IEUX LN Equity,IDP6 LN Equity,XLIS LN Equity,
IEAC LN Equity,ISXF LN Equity,LQDE LN Equity,IGLT LN Equity,IBTS LN Equity,ISF LN Equity,IEEM LN Equity,IJPN LN Equity,IKOR LN Equity,XLVS LN Equity,
IEAC LN Equity,ISXF LN Equity,LQDE LN Equity,IGLT LN Equity,IBTS LN Equity,ISF LN Equity,IEEM LN Equity,IJPN LN Equity,IKOR LN Equity,XLVS LN Equity,
IEAC LN Equity,ISXF LN Equity,LQDE LN Equity,IGLT LN Equity,IBTS LN Equity,ISF LN Equity,IEEM LN Equity,IJPN LN Equity,IKOR LN Equity,XLVS LN Equity,
IEAC LN Equity,ISXF LN Equity,LQDE LN Equity,IGLT LN Equity,IBTS LN Equity,ISF LN Equity,IEEM LN Equity,IJPN LN Equity,IKOR LN Equity,XLVS LN Equity,
IEAC LN Equity,ISXF LN Equity,LQDE LN Equity,IGLT LN Equity,IBTS LN Equity,ISF LN Equity,IEEM LN Equity,IJPN LN Equity,IKOR LN Equity,XLVS LN Equity,
IEAC LN Equity,ISXF LN Equity,LQDE LN Equity,IGLT LN Equity,IBTS LN Equity,ISF LN Equity,IEEM LN Equity,IJPN LN Equity,IKOR LN Equity,XLVS LN Equity,
IEAC LN Equity,ISXF LN Equity,LQDE LN Equity,IGLT LN Equity,IBTS LN Equity,ISF LN Equity,IEEM LN Equity,IJPN LN Equity,IKOR LN Equity,XLVS LN Equity,
IEAC LN Equity,ISXF LN Equity,LQDE LN Equity,IGLT LN Equity,IBTS LN Equity,ISF LN Equity,IEEM LN Equity,IJPN LN Equity,IKOR LN Equity,XLVS LN Equity,
IEAC LN Equity,ISXF LN Equity,LQDE LN Equity,IGLT LN Equity,IBTS LN Equity,ISF LN Equity,IEEM LN Equity,IJPN LN Equity,IKOR LN Equity,XLVS LN Equity,
IEAC LN Equity,ISXF LN Equity,LQDE LN Equity,IGLT LN Equity,IBTS LN Equity,ISF LN Equity,IEEM LN Equity,IJPN LN Equity,IKOR LN Equity,XLVS LN Equity,
IEAC LN Equity,ISXF LN Equity,LQDE LN Equity,IGLT LN Equity,IBTS LN Equity,ISF LN Equity,IEEM LN Equity,IJPN LN Equity,IKOR LN Equity,XLVS LN Equity,
IEAC LN Equity,ISXF LN Equity,LQDE LN Equity,IGLT LN Equity,IBTS LN Equity,ISF LN Equity,IEEM LN Equity,IJPN LN Equity,IKOR LN Equity,XLVS LN Equity,
IEAC LN Equity,ISXF LN Equity,LQDE LN Equity,IGLT LN Equity,IBTS LN Equity,ISF LN Equity,IEEM LN Equity,IJPN LN Equity,IKOR LN Equity,XLVS LN Equity,
IEAC LN Equity,ISXF LN Equity,LQDE LN Equity,IGLT LN Equity,IBTS LN Equity,ISF LN Equity,IEEM LN Equity,IJPN LN Equity,IKOR LN Equity,XLVS LN Equity,
IEAC LN Equity,ISXF LN Equity,LQDE LN Equity,IGLT LN Equity,IBTS LN Equity,IMEU LN Equity,IJPE LN Equity,EUN LN Equity,IKOR LN Equity,DEL2 LN Equity,
IEAC LN Equity,ISXF LN Equity,LQDE LN Equity,IGLT LN Equity,IBTS LN Equity,IMEU LN Equity,IJPE LN Equity,EUN LN Equity,IKOR LN Equity,DEL2 LN Equity,
IEAC LN Equity,ISXF LN Equity,LQDE LN Equity,IGLT LN Equity,IBTS LN Equity,IMEU LN Equity,IJPE LN Equity,EUN LN Equity,IKOR LN Equity,DEL2 LN Equity,
IEAC LN Equity,ISXF LN Equity,LQDE LN Equity,IGLT LN Equity,IBTS LN Equity,IMEU LN Equity,IJPE LN Equity,EUN LN Equity,IKOR LN Equity,DEL2 LN Equity,
IEAC LN Equity,ISXF LN Equity,LQDE LN Equity,IGLT LN Equity,IBTS LN Equity,IMEU LN Equity,IJPE LN Equity,EUN LN Equity,IKOR LN Equity,DEL2 LN Equity,
IEAC LN Equity,ISXF LN Equity,LQDE LN Equity,IGLT LN Equity,IBTS LN Equity,IMEU LN Equity,IJPE LN Equity,EUN LN Equity,IKOR LN Equity,DEL2 LN Equity,
IEAC LN Equity,ISXF LN Equity,LQDE LN Equity,IGLT LN Equity,IBTS LN Equity,IWDP LN Equity,IJPN LN Equity,IDP6 LN Equity,IUKP LN Equity,SUK2 LN Equity,
IEAC LN Equity,ISXF LN Equity,LQDE LN Equity,IGLT LN Equity,IBTS LN Equity,IWDP LN Equity,IJPN LN Equity,IDP6 LN Equity,IUKP LN Equity,SUK2 LN Equity,
IEAC LN Equity,ISXF LN Equity,LQDE LN Equity,IGLT LN Equity,IBTS LN Equity,IWDP LN Equity,IJPN LN Equity,IDP6 LN Equity,IUKP LN Equity,SUK2 LN Equity,
IEAC LN Equity,IBGX LN Equity,LQDE LN Equity,IBTS LN Equity,IBCI LN Equity,IWDP LN Equity,IJPN LN Equity,IDP6 LN Equity,IUKP LN Equity,SUK2 LN Equity,
IEAC LN Equity,IBGX LN Equity,LQDE LN Equity,IBTS LN Equity,IBCI LN Equity,IWDP LN Equity,IJPN LN Equity,IDP6 LN Equity,IUKP LN Equity,SUK2 LN Equity,
IEAC LN Equity,IBGX LN Equity,LQDE LN Equity,IBTS LN Equity,IBCI LN Equity,IWDP LN Equity,IJPN LN Equity,IDP6 LN Equity,IUKP LN Equity,SUK2 LN Equity,
IEAC LN Equity,IBGX LN Equity,LQDE LN Equity,IBTS LN Equity,IBCI LN Equity,IWDP LN Equity,IJPN LN Equity,IDP6 LN Equity,IUKP LN Equity,SUK2 LN Equity,
IEAC LN Equity,IBGX LN Equity,LQDE LN Equity,IBTS LN Equity,IBCI LN Equity,IWDP LN Equity,IJPN LN Equity,IDP6 LN Equity,IUKP LN Equity,SUK2 LN Equity,
IEAC LN Equity,IBGX LN Equity,LQDE LN Equity,IBTS LN Equity,IBCI LN Equity,IWDP LN Equity,IJPN LN Equity,IDP6 LN Equity,IUKP LN Equity,SUK2 LN Equity,
IEAC LN Equity,IBGX LN Equity,LQDE LN Equity,IBTS LN Equity,IBCI LN Equity,IWDP LN Equity,IJPN LN Equity,IDP6 LN Equity,IUKP LN Equity,SUK2 LN Equity,
IEAC LN Equity,IBGX LN Equity,LQDE LN Equity,IBTS LN Equity,IBCI LN Equity,IWDP LN Equity,IJPN LN Equity,IDP6 LN Equity,IUKP LN Equity,SUK2 LN Equity,
IEAC LN Equity,IBGX LN Equity,LQDE LN Equity,IBTS LN Equity,IBCI LN Equity,IWDP LN Equity,IJPN LN Equity,IDP6 LN Equity,IUKP LN Equity,SUK2 LN Equity,
IEAC LN Equity,IBGX LN Equity,LQDE LN Equity,IBTS LN Equity,IBCI LN Equity,IWDP LN Equity,IJPN LN Equity,IDP6 LN Equity,IUKP LN Equity,SUK2 LN Equity,
IEAC LN Equity,IBGX LN Equity,LQDE LN Equity,IBTS LN Equity,IBCI LN Equity,ISF LN Equity,IEUX LN Equity,IDP6 LN Equity,IKOR LN Equity,DEL2 LN Equity,
IEAC LN Equity,IBGX LN Equity,LQDE LN Equity,IBTS LN Equity,IBCI LN Equity,IJPE LN Equity,IJPN LN Equity,IUSE LN Equity,IAUP LN Equity,HPRO LN Equity,
IEAC LN Equity,IBGX LN Equity,LQDE LN Equity,IBTS LN Equity,IBCI LN Equity,IJPE LN Equity,IJPN LN Equity,IUSE LN Equity,IAUP LN Equity,HPRO LN Equity,
IEAC LN Equity,IBGX LN Equity,LQDE LN Equity,IBTS LN Equity,IBCI LN Equity,IJPE LN Equity,IJPN LN Equity,IUSE LN Equity,IAUP LN Equity,HPRO LN Equity,
IEAC LN Equity,IBGX LN Equity,LQDE LN Equity,IBTS LN Equity,IBCI LN Equity,IJPE LN Equity,IJPN LN Equity,IUSE LN Equity,IAUP LN Equity,HPRO LN Equity,
IEAC LN Equity,IBGX LN Equity,LQDE LN Equity,IBTS LN Equity,IBCI LN Equity,IJPE LN Equity,IJPN LN Equity,IUSE LN Equity,IAUP LN Equity,HPRO LN Equity,
IEAC LN Equity,IBGX LN Equity,LQDE LN Equity,IBTS LN Equity,IBCI LN Equity,IJPE LN Equity,IJPN LN Equity,IUSE LN Equity,IAUP LN Equity,HPRO LN Equity,
IEAC LN Equity,IBGX LN Equity,LQDE LN Equity,IBTS LN Equity,IBCI LN Equity,IJPE LN Equity,IJPN LN Equity,IUSE LN Equity,IAUP LN Equity,HPRO LN Equity,
IEAC LN Equity,IBGX LN Equity,LQDE LN Equity,IBTS LN Equity,IBCI LN Equity,IJPE LN Equity,IJPN LN Equity,IUSE LN Equity,IAUP LN Equity,HPRO LN Equity,
IEAC LN Equity,IBGX LN Equity,LQDE LN Equity,IBTS LN Equity,IBCI LN Equity,IJPE LN Equity,IJPN LN Equity,IUSE LN Equity,IAUP LN Equity,HPRO LN Equity,
IEAC LN Equity,IBGX LN Equity,LQDE LN Equity,IBTS LN Equity,IBCI LN Equity,IJPE LN Equity,IJPN LN Equity,IUSE LN Equity,IAUP LN Equity,HPRO LN Equity,
IEAC LN Equity,IBGX LN Equity,LQDE LN Equity,IBTS LN Equity,IBCI LN Equity,IJPE LN Equity,IJPN LN Equity,IUSE LN Equity,IAUP LN Equity,HPRO LN Equity,
IEAC LN Equity,IBGX LN Equity,LQDE LN Equity,IBTS LN Equity,IBCI LN Equity,IJPE LN Equity,IJPN LN Equity,IUSE LN Equity,IAUP LN Equity,HPRO LN Equity,
IEAC LN Equity,IBGX LN Equity,LQDE LN Equity,IBTS LN Equity,IBCI LN Equity,IJPE LN Equity,IJPN LN Equity,IUSE LN Equity,IAUP LN Equity,HPRO LN Equity,
IEAC LN Equity,IBGX LN Equity,LQDE LN Equity,IBTS LN Equity,IBCI LN Equity,IJPE LN Equity,IJPN LN Equity,IUSE LN Equity,IAUP LN Equity,HPRO LN Equity,
IEAC LN Equity,IBGX LN Equity,LQDE LN Equity,IBTS LN Equity,IBCI LN Equity,IWDP LN Equity,XLFS LN Equity,IWDE LN Equity,DEL2 LN Equity,SUK2 LN Equity,
IEAC LN Equity,IBGX LN Equity,LQDE LN Equity,IBTS LN Equity,IBCI LN Equity,ISF LN Equity,IUKD LN Equity,IMIB LN Equity,LTAM LN Equity,HPRO LN Equity,
IEAC LN Equity,IBGX LN Equity,LQDE LN Equity,IBTS LN Equity,IBCI LN Equity,ISF LN Equity,IUKD LN Equity,IMIB LN Equity,LTAM LN Equity,HPRO LN Equity,
IEAC LN Equity,IBGX LN Equity,LQDE LN Equity,IBTS LN Equity,IBCI LN Equity,ISF LN Equity,IUKD LN Equity,IMIB LN Equity,LTAM LN Equity,HPRO LN Equity,
IEAC LN Equity,IBGX LN Equity,LQDE LN Equity,IBTS LN Equity,IBCI LN Equity,ISF LN Equity,IUKD LN Equity,IMIB LN Equity,LTAM LN Equity,HPRO LN Equity,
IEAC LN Equity,IBGX LN Equity,LQDE LN Equity,IBTS LN Equity,IBCI LN Equity,ISF LN Equity,IUKD LN Equity,IMIB LN Equity,LTAM LN Equity,HPRO LN Equity,
IEAC LN Equity,IBGX LN Equity,LQDE LN Equity,IBTS LN Equity,IBCI LN Equity,IMEU LN Equity,IJPE LN Equity,SPY4 LN Equity,XLVS LN Equity,IGWD LN Equity,
IEAC LN Equity,IBGX LN Equity,LQDE LN Equity,IBTS LN Equity,IBCI LN Equity,IMEU LN Equity,IJPE LN Equity,SPY4 LN Equity,XLVS LN Equity,IGWD LN Equity,
IEAC LN Equity,IBGX LN Equity,LQDE LN Equity,IBTS LN Equity,IBCI LN Equity,IMEU LN Equity,IJPE LN Equity,SPY4 LN Equity,XLVS LN Equity,IGWD LN Equity,
IEAC LN Equity,IBGX LN Equity,LQDE LN Equity,IBTS LN Equity,IBCI LN Equity,IMEU LN Equity,IJPE LN Equity,SPY4 LN Equity,XLVS LN Equity,IGWD LN Equity,
IEAC LN Equity,IBGX LN Equity,LQDE LN Equity,IBTS LN Equity,IBCI LN Equity,IMEU LN Equity,IJPE LN Equity,SPY4 LN Equity,XLVS LN Equity,IGWD LN Equity,
IEAC LN Equity,IBGX LN Equity,LQDE LN Equity,IBTS LN Equity,IBCI LN Equity,IMEU LN Equity,IJPE LN Equity,SPY4 LN Equity,XLVS LN Equity,IGWD LN Equity,
IEAC LN Equity,IBGX LN Equity,LQDE LN Equity,IBTS LN Equity,IBCI LN Equity,IMEU LN Equity,IJPE LN Equity,SPY4 LN Equity,XLVS LN Equity,IGWD LN Equity,
IEAC LN Equity,IBGX LN Equity,LQDE LN Equity,IBTS LN Equity,IBCI LN Equity,IMEU LN Equity,IJPE LN Equity,SPY4 LN Equity,XLVS LN Equity,IGWD LN Equity,
IEAC LN Equity,IBGX LN Equity,LQDE LN Equity,IBTS LN Equity,IBCI LN Equity,IUKD LN Equity,IUKP LN Equity,IMIB LN Equity,FXC LN Equity,XLES LN Equity,
IEAC LN Equity,IBGX LN Equity,LQDE LN Equity,IBTS LN Equity,IBCI LN Equity,IUKD LN Equity,IUKP LN Equity,IMIB LN Equity,FXC LN Equity,XLES LN Equity,
IEAC LN Equity,IBGX LN Equity,LQDE LN Equity,IBTS LN Equity,IBCI LN Equity,IUKD LN Equity,IUKP LN Equity,IMIB LN Equity,FXC LN Equity,XLES LN Equity,
IEAC LN Equity,IBGX LN Equity,LQDE LN Equity,IBTS LN Equity,IBCI LN Equity,IUKD LN Equity,IUKP LN Equity,IMIB LN Equity,FXC LN Equity,XLES LN Equity,
IEAC LN Equity,IBGX LN Equity,LQDE LN Equity,IBTS LN Equity,IBCI LN Equity,IUKD LN Equity,IUKP LN Equity,IMIB LN Equity,FXC LN Equity,XLES LN Equity,
IEAC LN Equity,IBGX LN Equity,LQDE LN Equity,IBTS LN Equity,IBCI LN Equity,IUKD LN Equity,IUKP LN Equity,IMIB LN Equity,FXC LN Equity,XLES LN Equity,
IEAC LN Equity,IBGX LN Equity,LQDE LN Equity,IBTS LN Equity,IBCI LN Equity,IUKD LN Equity,IUKP LN Equity,IMIB LN Equity,FXC LN Equity,XLES LN Equity,
IEAC LN Equity,IBGX LN Equity,LQDE LN Equity,IBTS LN Equity,IBCI LN Equity,IUKD LN Equity,IUKP LN Equity,IMIB LN Equity,FXC LN Equity,XLES LN Equity,
IEAC LN Equity,IBGX LN Equity,LQDE LN Equity,IBTS LN Equity,IBCI LN Equity,IUKD LN Equity,IUKP LN Equity,IMIB LN Equity,FXC LN Equity,XLES LN Equity,
IEAC LN Equity,IBGX LN Equity,LQDE LN Equity,IBTS LN Equity,IBCI LN Equity,IUKD LN Equity,IUKP LN Equity,IMIB LN Equity,FXC LN Equity,XLES LN Equity,
IEAC LN Equity,IBGX LN Equity,LQDE LN Equity,IBTS LN Equity,IBCI LN Equity,IUKD LN Equity,IUKP LN Equity,IMIB LN Equity,FXC LN Equity,XLES LN Equity,
IEAC LN Equity,IBGX LN Equity,LQDE LN Equity,IBTS LN Equity,IBCI LN Equity,IUKD LN Equity,IUKP LN Equity,IMIB LN Equity,FXC LN Equity,XLES LN Equity,
IEAC LN Equity,IBGX LN Equity,LQDE LN Equity,IBTS LN Equity,IBCI LN Equity,IUKD LN Equity,IUKP LN Equity,IMIB LN Equity,FXC LN Equity,XLES LN Equity,
IEAC LN Equity,IBGX LN Equity,LQDE LN Equity,IBTS LN Equity,IBCI LN Equity,IUKD LN Equity,IUKP LN Equity,IMIB LN Equity,FXC LN Equity,XLES LN Equity,
IEAC LN Equity,IBGX LN Equity,LQDE LN Equity,IBTS LN Equity,IBCI LN Equity,IUKD LN Equity,IUKP LN Equity,IMIB LN Equity,FXC LN Equity,XLES LN Equity,
IEAC LN Equity,IBGX LN Equity,LQDE LN Equity,IBTS LN Equity,IBCI LN Equity,IUKD LN Equity,IUKP LN Equity,IMIB LN Equity,FXC LN Equity,XLES LN Equity,
IEAC LN Equity,IBGX LN Equity,LQDE LN Equity,IBTS LN Equity,IBCI LN Equity,IUKD LN Equity,IUKP LN Equity,IMIB LN Equity,FXC LN Equity,XLES LN Equity,
IEAC LN Equity,IBGX LN Equity,LQDE LN Equity,IBTS LN Equity,IBCI LN Equity,IUKD LN Equity,IUKP LN Equity,IMIB LN Equity,FXC LN Equity,XLES LN Equity,
IEAC LN Equity,IBGX LN Equity,LQDE LN Equity,IBTS LN Equity,IBCI LN Equity,IUKD LN Equity,IUKP LN Equity,IMIB LN Equity,FXC LN Equity,XLES LN Equity,
IEAC LN Equity,IBGX LN Equity,LQDE LN Equity,IBTS LN Equity,IBCI LN Equity,IUKD LN Equity,IUKP LN Equity,IMIB LN Equity,FXC LN Equity,XLES LN Equity,
IEAC LN Equity,IBGX LN Equity,LQDE LN Equity,IBTS LN Equity,IBCI LN Equity,IUKD LN Equity,IUKP LN Equity,IMIB LN Equity,FXC LN Equity,XLES LN Equity,
IEAC LN Equity,IBGX LN Equity,LQDE LN Equity,IBTS LN Equity,IBCI LN Equity,IUKD LN Equity,IUKP LN Equity,IMIB LN Equity,FXC LN Equity,XLES LN Equity,
IEAC LN Equity,IBGX LN Equity,LQDE LN Equity,IBTS LN Equity,IBCI LN Equity,IUKD LN Equity,IUKP LN Equity,IMIB LN Equity,FXC LN Equity,XLES LN Equity,
IEAC LN Equity,IBGX LN Equity,LQDE LN Equity,IBTS LN Equity,IBCI LN Equity,IUKD LN Equity,IUKP LN Equity,IMIB LN Equity,FXC LN Equity,XLES LN Equity,
IEAC LN Equity,IBGX LN Equity,LQDE LN Equity,IBTS LN Equity,IBCI LN Equity,IUKD LN Equity,IUKP LN Equity,IMIB LN Equity,FXC LN Equity,XLES LN Equity,
IEAC LN Equity,IBGX LN Equity,LQDE LN Equity,IBTS LN Equity,IBCI LN Equity,IMEU LN Equity,FXC LN Equity,IKOR LN Equity,XLIS LN Equity,SUK2 LN Equity,
IEAC LN Equity,IBGX LN Equity,LQDE LN Equity,IBTS LN Equity,IBCI LN Equity,IWDP LN Equity,INAA LN Equity,LTAM LN Equity,IOGP LN Equity,IGUS LN Equity,
IEAC LN Equity,IBGX LN Equity,LQDE LN Equity,IBTS LN Equity,IBCI LN Equity,UDVD LN Equity,IJPE LN Equity,IUKD LN Equity,IKOR LN Equity,XLES LN Equity,
IEAC LN Equity,IBGX LN Equity,LQDE LN Equity,IBTS LN Equity,IBCI LN Equity,UDVD LN Equity,IJPE LN Equity,IUKD LN Equity,IKOR LN Equity,XLES LN Equity,
IEAC LN Equity,IBGX LN Equity,LQDE LN Equity,IBTS LN Equity,IBCI LN Equity,UDVD LN Equity,IJPE LN Equity,IUKD LN Equity,IKOR LN Equity,XLES LN Equity,
IEAC LN Equity,IBGX LN Equity,LQDE LN Equity,IBTS LN Equity,IBCI LN Equity,IUSE LN Equity,IDVY LN Equity,IWDE LN Equity,IMIB LN Equity,DEL2 LN Equity,
IBGX LN Equity,ISXF LN Equity,IITB LN Equity,IESP LN Equity,IGLT LN Equity,IUSE LN Equity,IDVY LN Equity,IWDE LN Equity,IMIB LN Equity,DEL2 LN Equity,
IBGX LN Equity,ISXF LN Equity,IITB LN Equity,IESP LN Equity,IGLT LN Equity,IUSE LN Equity,IDVY LN Equity,IWDE LN Equity,IMIB LN Equity,DEL2 LN Equity,
IBGX LN Equity,ISXF LN Equity,IITB LN Equity,IESP LN Equity,IGLT LN Equity,IUSE LN Equity,IDVY LN Equity,IWDE LN Equity,IMIB LN Equity,DEL2 LN Equity,
IBGX LN Equity,ISXF LN Equity,IITB LN Equity,IESP LN Equity,IGLT LN Equity,IUSE LN Equity,IDVY LN Equity,IWDE LN Equity,IMIB LN Equity,DEL2 LN Equity,
IBGX LN Equity,ISXF LN Equity,IITB LN Equity,IESP LN Equity,IGLT LN Equity,IUSE LN Equity,IDVY LN Equity,IWDE LN Equity,IMIB LN Equity,DEL2 LN Equity,
IBGX LN Equity,ISXF LN Equity,IITB LN Equity,IESP LN Equity,IGLT LN Equity,IUSE LN Equity,IDVY LN Equity,IWDE LN Equity,IMIB LN Equity,DEL2 LN Equity,
IEAC LN Equity,CORP LN Equity,LQDE LN Equity,IBTS LN Equity,IBCI LN Equity,IUSE LN Equity,IDVY LN Equity,IWDE LN Equity,IMIB LN Equity,DEL2 LN Equity,
IEAC LN Equity,CORP LN Equity,LQDE LN Equity,IBTS LN Equity,IBCI LN Equity,IUSE LN Equity,IDVY LN Equity,IWDE LN Equity,IMIB LN Equity,DEL2 LN Equity,
IEAC LN Equity,CORP LN Equity,LQDE LN Equity,IBTS LN Equity,IBCI LN Equity,IUSE LN Equity,IDVY LN Equity,IWDE LN Equity,IMIB LN Equity,DEL2 LN Equity,
IEAC LN Equity,CORP LN Equity,LQDE LN Equity,IBTS LN Equity,IBCI LN Equity,IUSE LN Equity,IDVY LN Equity,IWDE LN Equity,IMIB LN Equity,DEL2 LN Equity,
IEAC LN Equity,CORP LN Equity,LQDE LN Equity,IBTS LN Equity,IBCI LN Equity,IUSE LN Equity,IDVY LN Equity,IWDE LN Equity,IMIB LN Equity,DEL2 LN Equity,
IEAC LN Equity,CORP LN Equity,LQDE LN Equity,IBTS LN Equity,IBCI LN Equity,IUSE LN Equity,IDVY LN Equity,IWDE LN Equity,IMIB LN Equity,DEL2 LN Equity,
IEAC LN Equity,IBGX LN Equity,ISXF LN Equity,LQDE LN Equity,IGLT LN Equity,IUSE LN Equity,IDVY LN Equity,IWDE LN Equity,IMIB LN Equity,DEL2 LN Equity,
IEAC LN Equity,IBGX LN Equity,ISXF LN Equity,LQDE LN Equity,IGLT LN Equity,IUSE LN Equity,IDVY LN Equity,IWDE LN Equity,IMIB LN Equity,DEL2 LN Equity,
IEAC LN Equity,IBGX LN Equity,ISXF LN Equity,LQDE LN Equity,IGLT LN Equity,IUSE LN Equity,IDVY LN Equity,IWDE LN Equity,IMIB LN Equity,DEL2 LN Equity,
IEAC LN Equity,IBGX LN Equity,ISXF LN Equity,LQDE LN Equity,IGLT LN Equity,IUSE LN Equity,IDVY LN Equity,IWDE LN Equity,IMIB LN Equity,DEL2 LN Equity,
CORP LN Equity,ISXF LN Equity,LQDE LN Equity,IITB LN Equity,IESP LN Equity,IUSE LN Equity,IDVY LN Equity,IWDE LN Equity,IMIB LN Equity,DEL2 LN Equity,
CORP LN Equity,ISXF LN Equity,LQDE LN Equity,IITB LN Equity,IESP LN Equity,IUSE LN Equity,IDVY LN Equity,IWDE LN Equity,IMIB LN Equity,DEL2 LN Equity,
CORP LN Equity,ISXF LN Equity,LQDE LN Equity,IITB LN Equity,IESP LN Equity,IUSE LN Equity,IDVY LN Equity,IWDE LN Equity,IMIB LN Equity,DEL2 LN Equity,
CORP LN Equity,ISXF LN Equity,LQDE LN Equity,IITB LN Equity,IESP LN Equity,IUSE LN Equity,IDVY LN Equity,IWDE LN Equity,IMIB LN Equity,DEL2 LN Equity,
CORP LN Equity,ISXF LN Equity,LQDE LN Equity,IITB LN Equity,IESP LN Equity,IUSE LN Equity,IDVY LN Equity,IWDE LN Equity,IMIB LN Equity,DEL2 LN Equity,
CORP LN Equity,ISXF LN Equity,LQDE LN Equity,IITB LN Equity,IESP LN Equity,IUSE LN Equity,IDVY LN Equity,IWDE LN Equity,IMIB LN Equity,DEL2 LN Equity,
IEAC LN Equity,IBGX LN Equity,IGLT LN Equity,IBTS LN Equity,IBCI LN Equity,IUSE LN Equity,IDVY LN Equity,IWDE LN Equity,IMIB LN Equity,DEL2 LN Equity,
IBGX LN Equity,CORP LN Equity,LQDE LN Equity,IITB LN Equity,IBTS LN Equity,IUSE LN Equity,IDVY LN Equity,IWDE LN Equity,IMIB LN Equity,DEL2 LN Equity,
IBGX LN Equity,CORP LN Equity,LQDE LN Equity,IITB LN Equity,IBTS LN Equity,IUSE LN Equity,IDVY LN Equity,IWDE LN Equity,IMIB LN Equity,DEL2 LN Equity,
IBGX LN Equity,CORP LN Equity,LQDE LN Equity,IITB LN Equity,IBTS LN Equity,IUSE LN Equity,IDVY LN Equity,IWDE LN Equity,IMIB LN Equity,DEL2 LN Equity,
IBGX LN Equity,CORP LN Equity,LQDE LN Equity,IITB LN Equity,IBTS LN Equity,IUSE LN Equity,IDVY LN Equity,IWDE LN Equity,IMIB LN Equity,DEL2 LN Equity,
IBGX LN Equity,CORP LN Equity,LQDE LN Equity,IITB LN Equity,IBTS LN Equity,IUSE LN Equity,IDVY LN Equity,IWDE LN Equity,IMIB LN Equity,DEL2 LN Equity,
IBGX LN Equity,CORP LN Equity,LQDE LN Equity,IITB LN Equity,IBTS LN Equity,IUSE LN Equity,IDVY LN Equity,IWDE LN Equity,IMIB LN Equity,DEL2 LN Equity,
IBGX LN Equity,CORP LN Equity,LQDE LN Equity,IITB LN Equity,IBTS LN Equity,IUSE LN Equity,IDVY LN Equity,IWDE LN Equity,IMIB LN Equity,DEL2 LN Equity,
IBGX LN Equity,CORP LN Equity,LQDE LN Equity,IITB LN Equity,IBTS LN Equity,SWDA LN Equity,INAA LN Equity,IOGP LN Equity,IGUS LN Equity,XLVS LN Equity,
IBGX LN Equity,CORP LN Equity,LQDE LN Equity,IITB LN Equity,IBTS LN Equity,SWDA LN Equity,INAA LN Equity,IOGP LN Equity,IGUS LN Equity,XLVS LN Equity,
IBGX LN Equity,CORP LN Equity,LQDE LN Equity,IITB LN Equity,IBTS LN Equity,IJPE LN Equity,IJPN LN Equity,SJPA LN Equity,LTAM LN Equity,MLPD LN Equity,
IBGX LN Equity,CORP LN Equity,LQDE LN Equity,IITB LN Equity,IBTS LN Equity,IJPE LN Equity,IJPN LN Equity,SJPA LN Equity,LTAM LN Equity,MLPD LN Equity,
IBGX LN Equity,CORP LN Equity,LQDE LN Equity,IITB LN Equity,IBTS LN Equity,IUKD LN Equity,IUKP LN Equity,IKOR LN Equity,IGUS LN Equity,DEL2 LN Equity,
IBGX LN Equity,CORP LN Equity,LQDE LN Equity,IITB LN Equity,IBTS LN Equity,IUKD LN Equity,IUKP LN Equity,IKOR LN Equity,IGUS LN Equity,DEL2 LN Equity,
IBGX LN Equity,CORP LN Equity,LQDE LN Equity,IITB LN Equity,IBTS LN Equity,IUKD LN Equity,IUKP LN Equity,IKOR LN Equity,IGUS LN Equity,DEL2 LN Equity,
IBGX LN Equity,CORP LN Equity,LQDE LN Equity,IITB LN Equity,IBTS LN Equity,IUKD LN Equity,IUKP LN Equity,IKOR LN Equity,IGUS LN Equity,DEL2 LN Equity,
IBGX LN Equity,CORP LN Equity,LQDE LN Equity,IITB LN Equity,IBTS LN Equity,IUKD LN Equity,IUKP LN Equity,IKOR LN Equity,IGUS LN Equity,DEL2 LN Equity,
IBGX LN Equity,CORP LN Equity,LQDE LN Equity,IITB LN Equity,IBTS LN Equity,IUKD LN Equity,IUKP LN Equity,IKOR LN Equity,IGUS LN Equity,DEL2 LN Equity,
IBGX LN Equity,CORP LN Equity,LQDE LN Equity,IITB LN Equity,IBTS LN Equity,IUKD LN Equity,IUKP LN Equity,IKOR LN Equity,IGUS LN Equity,DEL2 LN Equity,
IBGX LN Equity,CORP LN Equity,LQDE LN Equity,IITB LN Equity,IBTS LN Equity,IUKD LN Equity,IUKP LN Equity,IKOR LN Equity,IGUS LN Equity,DEL2 LN Equity,
IBGX LN Equity,CORP LN Equity,LQDE LN Equity,IITB LN Equity,IBTS LN Equity,UDVD LN Equity,INAA LN Equity,XLKS LN Equity,IGUS LN Equity,XLIS LN Equity,
IBGX LN Equity,CORP LN Equity,LQDE LN Equity,IITB LN Equity,IBTS LN Equity,IMEU LN Equity,VDEM LN Equity,VDJP LN Equity,EMAD LN Equity,SUK2 LN Equity,
IBGX LN Equity,CORP LN Equity,LQDE LN Equity,IITB LN Equity,IBTS LN Equity,IPRP LN Equity,MVOL LN Equity,SPMV LN Equity,SPY4 LN Equity,IKOR LN Equity,
IBGX LN Equity,CORP LN Equity,LQDE LN Equity,IITB LN Equity,IBTS LN Equity,IPRP LN Equity,MVOL LN Equity,SPMV LN Equity,SPY4 LN Equity,IKOR LN Equity,
IBGX LN Equity,CORP LN Equity,LQDE LN Equity,IITB LN Equity,IBTS LN Equity,IPRP LN Equity,MVOL LN Equity,SPMV LN Equity,SPY4 LN Equity,IKOR LN Equity,
IBGX LN Equity,CORP LN Equity,LQDE LN Equity,IITB LN Equity,IBTS LN Equity,IPRP LN Equity,MVOL LN Equity,SPMV LN Equity,SPY4 LN Equity,IKOR LN Equity,
IBGX LN Equity,CORP LN Equity,LQDE LN Equity,IITB LN Equity,IBTS LN Equity,IPRP LN Equity,MVOL LN Equity,SPMV LN Equity,SPY4 LN Equity,IKOR LN Equity,
IBGX LN Equity,CORP LN Equity,LQDE LN Equity,IITB LN Equity,IBTS LN Equity,IPRP LN Equity,MVOL LN Equity,SPMV LN Equity,SPY4 LN Equity,IKOR LN Equity,
IBGX LN Equity,CORP LN Equity,LQDE LN Equity,IITB LN Equity,IBTS LN Equity,IPRP LN Equity,MVOL LN Equity,SPMV LN Equity,SPY4 LN Equity,IKOR LN Equity,
IBGX LN Equity,CORP LN Equity,LQDE LN Equity,IITB LN Equity,IBTS LN Equity,XLKS LN Equity,IMIB LN Equity,IOGP LN Equity,XLIS LN Equity,XLVS LN Equity,
IBGX LN Equity,CORP LN Equity,LQDE LN Equity,IITB LN Equity,IBTS LN Equity,XLKS LN Equity,IMIB LN Equity,IOGP LN Equity,XLIS LN Equity,XLVS LN Equity,
IBGX LN Equity,CORP LN Equity,LQDE LN Equity,IITB LN Equity,IBTS LN Equity,XLKS LN Equity,IMIB LN Equity,IOGP LN Equity,XLIS LN Equity,XLVS LN Equity,
IEAC LN Equity,IBGX LN Equity,IITB LN Equity,IESP LN Equity,IGLT LN Equity,IJPN LN Equity,IDP6 LN Equity,XLKS LN Equity,IJPD LN Equity,IAUP LN Equity,
IEAC LN Equity,IBGX LN Equity,IITB LN Equity,IESP LN Equity,IGLT LN Equity,IJPN LN Equity,IDP6 LN Equity,XLKS LN Equity,IJPD LN Equity,IAUP LN Equity,
IEAC LN Equity,IBGX LN Equity,IITB LN Equity,IESP LN Equity,IGLT LN Equity,IJPN LN Equity,IDP6 LN Equity,XLKS LN Equity,IJPD LN Equity,IAUP LN Equity,
IEAC LN Equity,IBGX LN Equity,IITB LN Equity,IESP LN Equity,IGLT LN Equity,IEEM LN Equity,IWDP LN Equity,IUSP LN Equity,IJPD LN Equity,DEL2 LN Equity,
IEAC LN Equity,IBGX LN Equity,IITB LN Equity,IESP LN Equity,IGLT LN Equity,SJPA LN Equity,VDEM LN Equity,XLKS LN Equity,LTAM LN Equity,IOGP LN Equity,
IEAC LN Equity,IBGX LN Equity,IITB LN Equity,IESP LN Equity,IGLT LN Equity,SJPA LN Equity,VDEM LN Equity,XLKS LN Equity,LTAM LN Equity,IOGP LN Equity,
IEAC LN Equity,IBGX LN Equity,IITB LN Equity,IESP LN Equity,IGLT LN Equity,SJPA LN Equity,VDEM LN Equity,XLKS LN Equity,LTAM LN Equity,IOGP LN Equity,
IEAC LN Equity,IBGX LN Equity,IITB LN Equity,IESP LN Equity,IGLT LN Equity,SJPA LN Equity,VDEM LN Equity,XLKS LN Equity,LTAM LN Equity,IOGP LN Equity,
IEAC LN Equity,IBGX LN Equity,IITB LN Equity,IESP LN Equity,IGLT LN Equity,SJPA LN Equity,VDEM LN Equity,XLKS LN Equity,LTAM LN Equity,IOGP LN Equity,
IEAC LN Equity,IBGX LN Equity,IITB LN Equity,IESP LN Equity,IGLT LN Equity,SJPA LN Equity,VDEM LN Equity,XLKS LN Equity,LTAM LN Equity,IOGP LN Equity,
IEAC LN Equity,IBGX LN Equity,IITB LN Equity,IESP LN Equity,IGLT LN Equity,IJPN LN Equity,SJPA LN Equity,VDJP LN Equity,LTAM LN Equity,IOGP LN Equity,
IEAC LN Equity,IBGX LN Equity,IITB LN Equity,IESP LN Equity,IGLT LN Equity,IJPN LN Equity,SJPA LN Equity,VDJP LN Equity,LTAM LN Equity,IOGP LN Equity,
IEAC LN Equity,IBGX LN Equity,IITB LN Equity,IESP LN Equity,IGLT LN Equity,IJPN LN Equity,SJPA LN Equity,VDJP LN Equity,LTAM LN Equity,IOGP LN Equity,
IEAC LN Equity,IBGX LN Equity,IITB LN Equity,IESP LN Equity,IGLT LN Equity,IJPN LN Equity,SJPA LN Equity,VDJP LN Equity,LTAM LN Equity,IOGP LN Equity,
ISXF LN Equity,LQDE LN Equity,IESP LN Equity,IBTS LN Equity,IBCI LN Equity,IJPN LN Equity,MVOL LN Equity,XLKS LN Equity,IMIB LN Equity,IAUP LN Equity,
ISXF LN Equity,LQDE LN Equity,IESP LN Equity,IBTS LN Equity,IBCI LN Equity,IJPN LN Equity,MVOL LN Equity,XLKS LN Equity,IMIB LN Equity,IAUP LN Equity,
ISXF LN Equity,LQDE LN Equity,IESP LN Equity,IBTS LN Equity,IBCI LN Equity,IUSP LN Equity,FXC LN Equity,ACWD LN Equity,IOGP LN Equity,XLES LN Equity,
ISXF LN Equity,LQDE LN Equity,IESP LN Equity,IBTS LN Equity,IBCI LN Equity,IUSP LN Equity,FXC LN Equity,ACWD LN Equity,IOGP LN Equity,XLES LN Equity,
ISXF LN Equity,LQDE LN Equity,IESP LN Equity,IBTS LN Equity,IBCI LN Equity,SPY4 LN Equity,FXC LN Equity,MLPD LN Equity,IAUP LN Equity,SUK2 LN Equity,
ISXF LN Equity,LQDE LN Equity,IESP LN Equity,IBTS LN Equity,IBCI LN Equity,SPY4 LN Equity,FXC LN Equity,MLPD LN Equity,IAUP LN Equity,SUK2 LN Equity,
ISXF LN Equity,LQDE LN Equity,IESP LN Equity,IBTS LN Equity,IBCI LN Equity,IUSP LN Equity,LTAM LN Equity,IKOR LN Equity,IAUP LN Equity,IGUS LN Equity,
IEAC LN Equity,IBGX LN Equity,CORP LN Equity,LQDE LN Equity,IITB LN Equity,IUSP LN Equity,LTAM LN Equity,IKOR LN Equity,IAUP LN Equity,IGUS LN Equity,
IEAC LN Equity,IBGX LN Equity,CORP LN Equity,LQDE LN Equity,IITB LN Equity,IPRP LN Equity,SPMV LN Equity,IDP6 LN Equity,XLKS LN Equity,EMAD LN Equity,
IEAC LN Equity,IBGX LN Equity,CORP LN Equity,LQDE LN Equity,IITB LN Equity,IPRP LN Equity,SPMV LN Equity,IDP6 LN Equity,XLKS LN Equity,EMAD LN Equity,
IEAC LN Equity,IBGX LN Equity,CORP LN Equity,LQDE LN Equity,IITB LN Equity,IPRP LN Equity,SPMV LN Equity,IDP6 LN Equity,XLKS LN Equity,EMAD LN Equity,
IEAC LN Equity,IBGX LN Equity,CORP LN Equity,LQDE LN Equity,IITB LN Equity,IPRP LN Equity,SPMV LN Equity,IDP6 LN Equity,XLKS LN Equity,EMAD LN Equity,
IEAC LN Equity,IBGX LN Equity,CORP LN Equity,LQDE LN Equity,IITB LN Equity,IJPN LN Equity,IUSE LN Equity,IAUP LN Equity,IOGP LN Equity,DEL2 LN Equity,
IEAC LN Equity,ISXF LN Equity,IESP LN Equity,IGLT LN Equity,IBCI LN Equity,IJPN LN Equity,IUSE LN Equity,IAUP LN Equity,IOGP LN Equity,DEL2 LN Equity,
IEAC LN Equity,ISXF LN Equity,IESP LN Equity,IGLT LN Equity,IBCI LN Equity,IJPN LN Equity,IUSE LN Equity,IAUP LN Equity,IOGP LN Equity,DEL2 LN Equity,
IEAC LN Equity,ISXF LN Equity,IESP LN Equity,IGLT LN Equity,IBCI LN Equity,MVOL LN Equity,IDVY LN Equity,IUSP LN Equity,IAUP LN Equity,SUK2 LN Equity,
IEAC LN Equity,ISXF LN Equity,IESP LN Equity,IGLT LN Equity,IBCI LN Equity,MVOL LN Equity,IDVY LN Equity,IUSP LN Equity,IAUP LN Equity,SUK2 LN Equity,
CORP LN Equity,IITB LN Equity,IESP LN Equity,IBTS LN Equity,IBCI LN Equity,MVOL LN Equity,IDVY LN Equity,IUSP LN Equity,IAUP LN Equity,SUK2 LN Equity,
CORP LN Equity,IITB LN Equity,IESP LN Equity,IBTS LN Equity,IBCI LN Equity,EMIM LN Equity,VDEM LN Equity,EMMV LN Equity,XLIS LN Equity,UK3S LN Equity,
IEAC LN Equity,CORP LN Equity,ISXF LN Equity,IBTS LN Equity,IBCI LN Equity,VUKE LN Equity,IWDP LN Equity,IUSP LN Equity,IJPD LN Equity,HPRO LN Equity,
IEAC LN Equity,IBGX LN Equity,CORP LN Equity,IITB LN Equity,IESP LN Equity,VUKE LN Equity,IWDP LN Equity,IUSP LN Equity,IJPD LN Equity,HPRO LN Equity,
IBGX LN Equity,ISXF LN Equity,LQDE LN Equity,IITB LN Equity,IGLT LN Equity,VUKE LN Equity,IWDP LN Equity,IUSP LN Equity,IJPD LN Equity,HPRO LN Equity,
IBGX LN Equity,ISXF LN Equity,LQDE LN Equity,IITB LN Equity,IGLT LN Equity,VUKE LN Equity,IWDP LN Equity,IUSP LN Equity,IJPD LN Equity,HPRO LN Equity,
IBGX LN Equity,ISXF LN Equity,LQDE LN Equity,IITB LN Equity,IGLT LN Equity,UDVD LN Equity,LTAM LN Equity,DEL2 LN Equity,SUK2 LN Equity,UK3S LN Equity,
IBGX LN Equity,ISXF LN Equity,LQDE LN Equity,IITB LN Equity,IGLT LN Equity,UDVD LN Equity,LTAM LN Equity,DEL2 LN Equity,SUK2 LN Equity,UK3S LN Equity,
IBGX LN Equity,ISXF LN Equity,LQDE LN Equity,IITB LN Equity,IGLT LN Equity,ISF LN Equity,VUKE LN Equity,INAA LN Equity,IAUP LN Equity,XLIS LN Equity,
IBGX LN Equity,ISXF LN Equity,LQDE LN Equity,IITB LN Equity,IGLT LN Equity,ISF LN Equity,VUKE LN Equity,INAA LN Equity,IAUP LN Equity,XLIS LN Equity,
IEAC LN Equity,IBGX LN Equity,CORP LN Equity,LQDE LN Equity,IBCI LN Equity,ISF LN Equity,VUKE LN Equity,INAA LN Equity,IAUP LN Equity,XLIS LN Equity,
IEAC LN Equity,IBGX LN Equity,CORP LN Equity,LQDE LN Equity,IBCI LN Equity,IJPN LN Equity,IKOR LN Equity,IAUP LN Equity,SUK2 LN Equity,UK3S LN Equity,
IEAC LN Equity,IBGX LN Equity,CORP LN Equity,LQDE LN Equity,IBCI LN Equity,IUSP LN Equity,LTAM LN Equity,IAUP LN Equity,IOGP LN Equity,DEL2 LN Equity,
IEAC LN Equity,IBGX LN Equity,CORP LN Equity,LQDE LN Equity,IBCI LN Equity,UDVD LN Equity,SPMV LN Equity,IDP6 LN Equity,IAUP LN Equity,HPRO LN Equity,
IEAC LN Equity,IBGX LN Equity,CORP LN Equity,LQDE LN Equity,IBCI LN Equity,UDVD LN Equity,SPMV LN Equity,IDP6 LN Equity,IAUP LN Equity,HPRO LN Equity,
ISXF LN Equity,IITB LN Equity,IESP LN Equity,IGLT LN Equity,IBCI LN Equity,IEUX LN Equity,EMMV LN Equity,IJPD LN Equity,HPRO LN Equity,UK3S LN Equity,
ISXF LN Equity,IITB LN Equity,IESP LN Equity,IGLT LN Equity,IBCI LN Equity,IWDP LN Equity,UDVD LN Equity,XLFS LN Equity,IUSP LN Equity,LTAM LN Equity,
ISXF LN Equity,IITB LN Equity,IESP LN Equity,IGLT LN Equity,IBCI LN Equity,IWDP LN Equity,UDVD LN Equity,XLFS LN Equity,IUSP LN Equity,LTAM LN Equity,
ISXF LN Equity,IITB LN Equity,IESP LN Equity,IGLT LN Equity,IBCI LN Equity,IWDP LN Equity,UDVD LN Equity,XLFS LN Equity,IUSP LN Equity,LTAM LN Equity,
ISXF LN Equity,IITB LN Equity,IESP LN Equity,IGLT LN Equity,IBCI LN Equity,IFFF LN Equity,FXC LN Equity,IOGP LN Equity,EMAD LN Equity,UK3S LN Equity,
ISXF LN Equity,IITB LN Equity,IESP LN Equity,IGLT LN Equity,IBCI LN Equity,IFFF LN Equity,FXC LN Equity,IOGP LN Equity,EMAD LN Equity,UK3S LN Equity,
IEAC LN Equity,CORP LN Equity,LQDE LN Equity,IBTS LN Equity,IBCI LN Equity,IFFF LN Equity,FXC LN Equity,IOGP LN Equity,EMAD LN Equity,UK3S LN Equity,
IEAC LN Equity,CORP LN Equity,LQDE LN Equity,IBTS LN Equity,IBCI LN Equity,IFFF LN Equity,FXC LN Equity,IOGP LN Equity,EMAD LN Equity,UK3S LN Equity,
IEAC LN Equity,CORP LN Equity,LQDE LN Equity,IBTS LN Equity,IBCI LN Equity,IFFF LN Equity,FXC LN Equity,IOGP LN Equity,EMAD LN Equity,UK3S LN Equity,
IEAC LN Equity,CORP LN Equity,LQDE LN Equity,IBTS LN Equity,IBCI LN Equity,IUSA LN Equity,IFFF LN Equity,IWDE LN Equity,IUSP LN Equity,IAUP LN Equity,
IEAC LN Equity,CORP LN Equity,LQDE LN Equity,IBTS LN Equity,IBCI LN Equity,IUSA LN Equity,IFFF LN Equity,IWDE LN Equity,IUSP LN Equity,IAUP LN Equity,
IEAC LN Equity,CORP LN Equity,LQDE LN Equity,IBTS LN Equity,IBCI LN Equity,IUSA LN Equity,IFFF LN Equity,IWDE LN Equity,IUSP LN Equity,IAUP LN Equity,
ISXF LN Equity,IITB LN Equity,IESP LN Equity,IBTS LN Equity,IBCI LN Equity,IUSA LN Equity,IFFF LN Equity,IWDE LN Equity,IUSP LN Equity,IAUP LN Equity,
ISXF LN Equity,IITB LN Equity,IESP LN Equity,IBTS LN Equity,IBCI LN Equity,IUSA LN Equity,IFFF LN Equity,IWDE LN Equity,IUSP LN Equity,IAUP LN Equity,
CORP LN Equity,ISXF LN Equity,LQDE LN Equity,IBTS LN Equity,IBCI LN Equity,MVOL LN Equity,IKOR LN Equity,R2US LN Equity,IOGP LN Equity,UK3S LN Equity,
IEAC LN Equity,IBGX LN Equity,IITB LN Equity,IESP LN Equity,IBTS LN Equity,MVOL LN Equity,IKOR LN Equity,R2US LN Equity,IOGP LN Equity,UK3S LN Equity,
IEAC LN Equity,IBGX LN Equity,IITB LN Equity,IESP LN Equity,IBTS LN Equity,VUKE LN Equity,IUSE LN Equity,FXC LN Equity,EMMV LN Equity,IOGP LN Equity,
IEAC LN Equity,IBGX LN Equity,IITB LN Equity,IESP LN Equity,IBTS LN Equity,IPRP LN Equity,IOGP LN Equity,IGUS LN Equity,XLES LN Equity,DEL2 LN Equity,
IEAC LN Equity,IBGX LN Equity,IITB LN Equity,IESP LN Equity,IBTS LN Equity,IPRP LN Equity,IOGP LN Equity,IGUS LN Equity,XLES LN Equity,DEL2 LN Equity,
IEAC LN Equity,IBGX LN Equity,IITB LN Equity,IESP LN Equity,IBTS LN Equity,IPRP LN Equity,IOGP LN Equity,IGUS LN Equity,XLES LN Equity,DEL2 LN Equity,
IEAC LN Equity,IBGX LN Equity,IITB LN Equity,IESP LN Equity,IBTS LN Equity,IEEM LN Equity,EMIM LN Equity,IMIB LN Equity,FXC LN Equity,UK3S LN Equity,
IEAC LN Equity,IBGX LN Equity,IITB LN Equity,IESP LN Equity,IBTS LN Equity,IEEM LN Equity,IUKD LN Equity,IUSP LN Equity,EMAD LN Equity,DEL2 LN Equity,
IEAC LN Equity,CORP LN Equity,LQDE LN Equity,IBTS LN Equity,IBCI LN Equity,IEEM LN Equity,EMIM LN Equity,VDEM LN Equity,SPY4 LN Equity,SBIO LN Equity,
IEAC LN Equity,CORP LN Equity,LQDE LN Equity,IBTS LN Equity,IBCI LN Equity,IEEM LN Equity,EMIM LN Equity,VDEM LN Equity,SPY4 LN Equity,SBIO LN Equity,
IEAC LN Equity,CORP LN Equity,LQDE LN Equity,IBTS LN Equity,IBCI LN Equity,IEEM LN Equity,EMIM LN Equity,VDEM LN Equity,SPY4 LN Equity,SBIO LN Equity,
IEAC LN Equity,CORP LN Equity,LQDE LN Equity,IBTS LN Equity,IBCI LN Equity,IEEM LN Equity,EMIM LN Equity,VDEM LN Equity,SPY4 LN Equity,SBIO LN Equity,
IEAC LN Equity,CORP LN Equity,LQDE LN Equity,IBTS LN Equity,IBCI LN Equity,XLKS LN Equity,SBIO LN Equity,IAUP LN Equity,ACWD LN Equity,DEL2 LN Equity,
IEAC LN Equity,ISXF LN Equity,IITB LN Equity,IGLT LN Equity,IBTS LN Equity,XLKS LN Equity,SBIO LN Equity,IAUP LN Equity,ACWD LN Equity,DEL2 LN Equity,
IEAC LN Equity,ISXF LN Equity,IITB LN Equity,IGLT LN Equity,IBTS LN Equity,XLKS LN Equity,SBIO LN Equity,IAUP LN Equity,ACWD LN Equity,DEL2 LN Equity,
IEAC LN Equity,ISXF LN Equity,IITB LN Equity,IGLT LN Equity,IBTS LN Equity,XLKS LN Equity,SBIO LN Equity,IAUP LN Equity,ACWD LN Equity,DEL2 LN Equity,
