ISXF LN Equity,LQDE LN Equity,IGLT LN Equity,IBTS LN Equity,IBCI LN Equity,IEEM LN Equity,IEUX LN Equity,IDVY LN Equity,EUN LN Equity,SUK2 LN Equity,
ISXF LN Equity,LQDE LN Equity,IGLT LN Equity,IBTS LN Equity,IBCI LN Equity,IEEM LN Equity,IEUX LN Equity,IDVY LN Equity,EUN LN Equity,SUK2 LN Equity,
ISXF LN Equity,LQDE LN Equity,IGLT LN Equity,IBTS LN Equity,IBCI LN Equity,IEEM LN Equity,IEUX LN Equity,IDVY LN Equity,EUN LN Equity,SUK2 LN Equity,
ISXF LN Equity,LQDE LN Equity,IGLT LN Equity,IBTS LN Equity,IBCI LN Equity,IEEM LN Equity,IEUX LN Equity,IDVY LN Equity,EUN LN Equity,SUK2 LN Equity,
ISXF LN Equity,LQDE LN Equity,IGLT LN Equity,IBTS LN Equity,IBCI LN Equity,IEEM LN Equity,IEUX LN Equity,IDVY LN Equity,EUN LN Equity,SUK2 LN Equity,
ISXF LN Equity,LQDE LN Equity,IGLT LN Equity,IBTS LN Equity,IBCI LN Equity,IEEM LN Equity,IEUX LN Equity,IDVY LN Equity,EUN LN Equity,SUK2 LN Equity,
ISXF LN Equity,LQDE LN Equity,IGLT LN Equity,IBTS LN Equity,IBCI LN Equity,IEEM LN Equity,IEUX LN Equity,IDVY LN Equity,EUN LN Equity,SUK2 LN Equity,
ISXF LN Equity,LQDE LN Equity,IGLT LN Equity,IBTS LN Equity,IBCI LN Equity,IEEM LN Equity,IEUX LN Equity,IDVY LN Equity,EUN LN Equity,SUK2 LN Equity,
ISXF LN Equity,LQDE LN Equity,IGLT LN Equity,IBTS LN Equity,IBCI LN Equity,IUSA LN Equity,IMEU LN Equity,IDVY LN Equity,IKOR LN Equity,DEL2 LN Equity,
ISXF LN Equity,LQDE LN Equity,IGLT LN Equity,IBTS LN Equity,IBCI LN Equity,IUSA LN Equity,IMEU LN Equity,IDVY LN Equity,IKOR LN Equity,DEL2 LN Equity,
ISXF LN Equity,LQDE LN Equity,IGLT LN Equity,IBTS LN Equity,IBCI LN Equity,IUSA LN Equity,IMEU LN Equity,IDVY LN Equity,IKOR LN Equity,DEL2 LN Equity,
ISXF LN Equity,LQDE LN Equity,IGLT LN Equity,IBTS LN Equity,IBCI LN Equity,IUSA LN Equity,IMEU LN Equity,IDVY LN Equity,IKOR LN Equity,DEL2 LN Equity,
ISXF LN Equity,LQDE LN Equity,IGLT LN Equity,IBTS LN Equity,IBCI LN Equity,IUSA LN Equity,IMEU LN Equity,IDVY LN Equity,IKOR LN Equity,DEL2 LN Equity,
ISXF LN Equity,LQDE LN Equity,IGLT LN Equity,IBTS LN Equity,IBCI LN Equity,ISF LN Equity,IDP6 LN Equity,IUKP LN Equity,XLFS LN Equity,XLKS LN Equity,
ISXF LN Equity,LQDE LN Equity,IGLT LN Equity,IBTS LN Equity,IBCI LN Equity,ISF LN Equity,IDP6 LN Equity,IUKP LN Equity,XLFS LN Equity,XLKS LN Equity,
ISXF LN Equity,LQDE LN Equity,IGLT LN Equity,IBTS LN Equity,IBCI LN Equity,ISF LN Equity,IDP6 LN Equity,IUKP LN Equity,XLFS LN Equity,XLKS LN Equity,
ISXF LN Equity,LQDE LN Equity,IGLT LN Equity,IBTS LN Equity,IBCI LN Equity,ISF LN Equity,IDP6 LN Equity,IUKP LN Equity,XLFS LN Equity,XLKS LN Equity,
ISXF LN Equity,LQDE LN Equity,IGLT LN Equity,IBTS LN Equity,IBCI LN Equity,ISF LN Equity,IDP6 LN Equity,IUKP LN Equity,XLFS LN Equity,XLKS LN Equity,
ISXF LN Equity,LQDE LN Equity,IGLT LN Equity,IBTS LN Equity,IBCI LN Equity,IUSA LN Equity,IEEM LN Equity,IEUX LN Equity,SJPA LN Equity,IFFF LN Equity,
ISXF LN Equity,LQDE LN Equity,IGLT LN Equity,IBTS LN Equity,IBCI LN Equity,IUSA LN Equity,IEEM LN Equity,IEUX LN Equity,SJPA LN Equity,IFFF LN Equity,
ISXF LN Equity,LQDE LN Equity,IGLT LN Equity,IBTS LN Equity,IBCI LN Equity,IUSA LN Equity,IEEM LN Equity,IEUX LN Equity,SJPA LN Equity,IFFF LN Equity,
ISXF LN Equity,LQDE LN Equity,IGLT LN Equity,IBTS LN Equity,IBCI LN Equity,IUSA LN Equity,IEEM LN Equity,IEUX LN Equity,SJPA LN Equity,IFFF LN Equity,
ISXF LN Equity,LQDE LN Equity,IGLT LN Equity,IBTS LN Equity,IBCI LN Equity,SWDA LN Equity,IWDP LN Equity,IDVY LN Equity,XLKS LN Equity,IMIB LN Equity,
ISXF LN Equity,LQDE LN Equity,IGLT LN Equity,IBTS LN Equity,IBCI LN Equity,SWDA LN Equity,IWDP LN Equity,IDVY LN Equity,XLKS LN Equity,IMIB LN Equity,
ISXF LN Equity,LQDE LN Equity,IGLT LN Equity,IBTS LN Equity,IBCI LN Equity,SWDA LN Equity,IWDP LN Equity,IDVY LN Equity,XLKS LN Equity,IMIB LN Equity,
ISXF LN Equity,LQDE LN Equity,IGLT LN Equity,IBTS LN Equity,IBCI LN Equity,SWDA LN Equity,IWDP LN Equity,IDVY LN Equity,XLKS LN Equity,IMIB LN Equity,
ISXF LN Equity,LQDE LN Equity,IGLT LN Equity,IBTS LN Equity,IBCI LN Equity,SWDA LN Equity,IWDP LN Equity,IDVY LN Equity,XLKS LN Equity,IMIB LN Equity,
ISXF LN Equity,LQDE LN Equity,IGLT LN Equity,IBTS LN Equity,IBCI LN Equity,SWDA LN Equity,IWDP LN Equity,IDVY LN Equity,XLKS LN Equity,IMIB LN Equity,
ISXF LN Equity,LQDE LN Equity,IGLT LN Equity,IBTS LN Equity,IBCI LN Equity,SWDA LN Equity,IWDP LN Equity,IDVY LN Equity,XLKS LN Equity,IMIB LN Equity,
ISXF LN Equity,LQDE LN Equity,IGLT LN Equity,IBTS LN Equity,IBCI LN Equity,SWDA LN Equity,IWDP LN Equity,IDVY LN Equity,XLKS LN Equity,IMIB LN Equity,
ISXF LN Equity,LQDE LN Equity,IGLT LN Equity,IBTS LN Equity,IBCI LN Equity,SWDA LN Equity,IWDP LN Equity,IDVY LN Equity,XLKS LN Equity,IMIB LN Equity,
ISXF LN Equity,LQDE LN Equity,IGLT LN Equity,IBTS LN Equity,IBCI LN Equity,SWDA LN Equity,IWDP LN Equity,IDVY LN Equity,XLKS LN Equity,IMIB LN Equity,
ISXF LN Equity,LQDE LN Equity,IGLT LN Equity,IBTS LN Equity,IBCI LN Equity,SWDA LN Equity,IWDP LN Equity,IDVY LN Equity,XLKS LN Equity,IMIB LN Equity,
ISXF LN Equity,LQDE LN Equity,IGLT LN Equity,IBTS LN Equity,IBCI LN Equity,SWDA LN Equity,IWDP LN Equity,IDVY LN Equity,XLKS LN Equity,IMIB LN Equity,
ISXF LN Equity,LQDE LN Equity,IGLT LN Equity,IBTS LN Equity,IBCI LN Equity,SWDA LN Equity,IWDP LN Equity,IDVY LN Equity,XLKS LN Equity,IMIB LN Equity,
ISXF LN Equity,LQDE LN Equity,IGLT LN Equity,IBTS LN Equity,IBCI LN Equity,SWDA LN Equity,IWDP LN Equity,IDVY LN Equity,XLKS LN Equity,IMIB LN Equity,
ISXF LN Equity,LQDE LN Equity,IGLT LN Equity,IBTS LN Equity,IBCI LN Equity,SWDA LN Equity,IWDP LN Equity,IDVY LN Equity,XLKS LN Equity,IMIB LN Equity,
ISXF LN Equity,LQDE LN Equity,IGLT LN Equity,IBTS LN Equity,IBCI LN Equity,SWDA LN Equity,IWDP LN Equity,IDVY LN Equity,XLKS LN Equity,IMIB LN Equity,
ISXF LN Equity,LQDE LN Equity,IGLT LN Equity,IBTS LN Equity,IBCI LN Equity,IJPN LN Equity,IUKP LN Equity,IDVY LN Equity,IUSP LN Equity,XLES LN Equity,
ISXF LN Equity,LQDE LN Equity,IGLT LN Equity,IBTS LN Equity,IBCI LN Equity,IWDP LN Equity,IJPN LN Equity,IFFF LN Equity,LTAM LN Equity,IKOR LN Equity,
ISXF LN Equity,LQDE LN Equity,IGLT LN Equity,IBTS LN Equity,IBCI LN Equity,IWDP LN Equity,IJPN LN Equity,IFFF LN Equity,LTAM LN Equity,IKOR LN Equity,
ISXF LN Equity,LQDE LN Equity,IGLT LN Equity,IBTS LN Equity,IBCI LN Equity,IDP6 LN Equity,IUKP LN Equity,IUSP LN Equity,FXC LN Equity,SUK2 LN Equity,
ISXF LN Equity,LQDE LN Equity,IGLT LN Equity,IBTS LN Equity,IBCI LN Equity,IDP6 LN Equity,IUKP LN Equity,IUSP LN Equity,FXC LN Equity,SUK2 LN Equity,
ISXF LN Equity,LQDE LN Equity,IGLT LN Equity,IBTS LN Equity,IBCI LN Equity,IDP6 LN Equity,IUKP LN Equity,IUSP LN Equity,FXC LN Equity,SUK2 LN Equity,
ISXF LN Equity,LQDE LN Equity,IGLT LN Equity,IBTS LN Equity,IBCI LN Equity,IDP6 LN Equity,IUKP LN Equity,IUSP LN Equity,FXC LN Equity,SUK2 LN Equity,
ISXF LN Equity,LQDE LN Equity,IGLT LN Equity,IBTS LN Equity,IBCI LN Equity,IDP6 LN Equity,IUKP LN Equity,IUSP LN Equity,FXC LN Equity,SUK2 LN Equity,
ISXF LN Equity,LQDE LN Equity,IGLT LN Equity,IBTS LN Equity,IBCI LN Equity,IDP6 LN Equity,IUKP LN Equity,IUSP LN Equity,FXC LN Equity,SUK2 LN Equity,
ISXF LN Equity,LQDE LN Equity,IGLT LN Equity,IBTS LN Equity,IBCI LN Equity,IDP6 LN Equity,IUKP LN Equity,IUSP LN Equity,FXC LN Equity,SUK2 LN Equity,
ISXF LN Equity,LQDE LN Equity,IGLT LN Equity,IBTS LN Equity,IBCI LN Equity,IDP6 LN Equity,IUKP LN Equity,IUSP LN Equity,FXC LN Equity,SUK2 LN Equity,
ISXF LN Equity,LQDE LN Equity,IGLT LN Equity,IBTS LN Equity,IBCI LN Equity,IDP6 LN Equity,IUKP LN Equity,IUSP LN Equity,FXC LN Equity,SUK2 LN Equity,
ISXF LN Equity,LQDE LN Equity,IGLT LN Equity,IBTS LN Equity,IBCI LN Equity,IDP6 LN Equity,IUKP LN Equity,IUSP LN Equity,FXC LN Equity,SUK2 LN Equity,
ISXF LN Equity,LQDE LN Equity,IGLT LN Equity,IBTS LN Equity,IBCI LN Equity,IDP6 LN Equity,IUKP LN Equity,IUSP LN Equity,FXC LN Equity,SUK2 LN Equity,
ISXF LN Equity,LQDE LN Equity,IGLT LN Equity,IBTS LN Equity,IBCI LN Equity,IDP6 LN Equity,IUKP LN Equity,IUSP LN Equity,FXC LN Equity,SUK2 LN Equity,
ISXF LN Equity,LQDE LN Equity,IGLT LN Equity,IBTS LN Equity,IBCI LN Equity,IMEU LN Equity,IJPE LN Equity,IFFF LN Equity,XLKS LN Equity,IGWD LN Equity,
ISXF LN Equity,LQDE LN Equity,IGLT LN Equity,IBTS LN Equity,IBCI LN Equity,IMEU LN Equity,IJPE LN Equity,IFFF LN Equity,XLKS LN Equity,IGWD LN Equity,
ISXF LN Equity,LQDE LN Equity,IGLT LN Equity,IBTS LN Equity,IBCI LN Equity,IMEU LN Equity,IJPE LN Equity,IFFF LN Equity,XLKS LN Equity,IGWD LN Equity,
ISXF LN Equity,LQDE LN Equity,IGLT LN Equity,IBTS LN Equity,IBCI LN Equity,IJPN LN Equity,IDP6 LN Equity,IWDE LN Equity,FXC LN Equity,DEL2 LN Equity,
ISXF LN Equity,LQDE LN Equity,IGLT LN Equity,IBTS LN Equity,IBCI LN Equity,IJPN LN Equity,IDP6 LN Equity,IWDE LN Equity,FXC LN Equity,DEL2 LN Equity,
ISXF LN Equity,LQDE LN Equity,IGLT LN Equity,IBTS LN Equity,IBCI LN Equity,XLFS LN Equity,LTAM LN Equity,XLIS LN Equity,IGWD LN Equity,DEL2 LN Equity,
ISXF LN Equity,LQDE LN Equity,IGLT LN Equity,IBTS LN Equity,IBCI LN Equity,XLFS LN Equity,LTAM LN Equity,XLIS LN Equity,IGWD LN Equity,DEL2 LN Equity,
ISXF LN Equity,LQDE LN Equity,IGLT LN Equity,IBTS LN Equity,IBCI LN Equity,XLFS LN Equity,LTAM LN Equity,XLIS LN Equity,IGWD LN Equity,DEL2 LN Equity,
ISXF LN Equity,LQDE LN Equity,IGLT LN Equity,IBTS LN Equity,IBCI LN Equity,XLFS LN Equity,LTAM LN Equity,XLIS LN Equity,IGWD LN Equity,DEL2 LN Equity,
ISXF LN Equity,LQDE LN Equity,IGLT LN Equity,IBTS LN Equity,IBCI LN Equity,SWDA LN Equity,IJPE LN Equity,IDP6 LN Equity,XLES LN Equity,XLVS LN Equity,
ISXF LN Equity,LQDE LN Equity,IGLT LN Equity,IBTS LN Equity,IBCI LN Equity,SWDA LN Equity,IJPE LN Equity,IDP6 LN Equity,XLES LN Equity,XLVS LN Equity,
ISXF LN Equity,LQDE LN Equity,IGLT LN Equity,IBTS LN Equity,IBCI LN Equity,SWDA LN Equity,IJPE LN Equity,IDP6 LN Equity,XLES LN Equity,XLVS LN Equity,
ISXF LN Equity,LQDE LN Equity,IGLT LN Equity,IBTS LN Equity,IBCI LN Equity,SWDA LN Equity,IJPE LN Equity,IDP6 LN Equity,XLES LN Equity,XLVS LN Equity,
ISXF LN Equity,LQDE LN Equity,IGLT LN Equity,IBTS LN Equity,IBCI LN Equity,SWDA LN Equity,IJPE LN Equity,IDP6 LN Equity,XLES LN Equity,XLVS LN Equity,
ISXF LN Equity,LQDE LN Equity,IGLT LN Equity,IBTS LN Equity,IBCI LN Equity,SWDA LN Equity,IJPE LN Equity,IDP6 LN Equity,XLES LN Equity,XLVS LN Equity,
ISXF LN Equity,LQDE LN Equity,IGLT LN Equity,IBTS LN Equity,IBCI LN Equity,SWDA LN Equity,IJPE LN Equity,IDP6 LN Equity,XLES LN Equity,XLVS LN Equity,
ISXF LN Equity,LQDE LN Equity,IGLT LN Equity,IBTS LN Equity,IBCI LN Equity,SWDA LN Equity,IJPE LN Equity,IDP6 LN Equity,XLES LN Equity,XLVS LN Equity,
ISXF LN Equity,LQDE LN Equity,IGLT LN Equity,IBTS LN Equity,IBCI LN Equity,SWDA LN Equity,IJPE LN Equity,IDP6 LN Equity,XLES LN Equity,XLVS LN Equity,
ISXF LN Equity,LQDE LN Equity,IGLT LN Equity,IBTS LN Equity,IBCI LN Equity,SWDA LN Equity,IJPE LN Equity,IDP6 LN Equity,XLES LN Equity,XLVS LN Equity,
ISXF LN Equity,LQDE LN Equity,IGLT LN Equity,IBTS LN Equity,IBCI LN Equity,SWDA LN Equity,IJPE LN Equity,IDP6 LN Equity,XLES LN Equity,XLVS LN Equity,
ISXF LN Equity,LQDE LN Equity,IGLT LN Equity,IBTS LN Equity,IBCI LN Equity,SWDA LN Equity,IJPE LN Equity,IDP6 LN Equity,XLES LN Equity,XLVS LN Equity,
ISXF LN Equity,LQDE LN Equity,IGLT LN Equity,IBTS LN Equity,IBCI LN Equity,SWDA LN Equity,IJPE LN Equity,IDP6 LN Equity,XLES LN Equity,XLVS LN Equity,
ISXF LN Equity,LQDE LN Equity,IGLT LN Equity,IBTS LN Equity,IBCI LN Equity,IMEU LN Equity,INAA LN Equity,IUSE LN Equity,IUSP LN Equity,IGUS LN Equity,
ISXF LN Equity,LQDE LN Equity,IGLT LN Equity,IBTS LN Equity,IBCI LN Equity,IMEU LN Equity,INAA LN Equity,IUSE LN Equity,IUSP LN Equity,IGUS LN Equity,
ISXF LN Equity,LQDE LN Equity,IGLT LN Equity,IBTS LN Equity,IBCI LN Equity,IMEU LN Equity,INAA LN Equity,IUSE LN Equity,IUSP LN Equity,IGUS LN Equity,
ISXF LN Equity,LQDE LN Equity,IGLT LN Equity,IBTS LN Equity,IBCI LN Equity,IFFF LN Equity,IUKP LN Equity,IDVY LN Equity,FXC LN Equity,LTAM LN Equity,
ISXF LN Equity,LQDE LN Equity,IGLT LN Equity,IBTS LN Equity,IBCI LN Equity,IWDP LN Equity,IDP6 LN Equity,IDVY LN Equity,XLVS LN Equity,SUK2 LN Equity,
ISXF LN Equity,LQDE LN Equity,IGLT LN Equity,IBTS LN Equity,IBCI LN Equity,IUSE LN Equity,IDVY LN Equity,IUSP LN Equity,IGWD LN Equity,DEL2 LN Equity,
ISXF LN Equity,LQDE LN Equity,IGLT LN Equity,IBTS LN Equity,IBCI LN Equity,IUSE LN Equity,IDVY LN Equity,IUSP LN Equity,IGWD LN Equity,DEL2 LN Equity,
ISXF LN Equity,LQDE LN Equity,IGLT LN Equity,IBTS LN Equity,IBCI LN Equity,IUSE LN Equity,IDVY LN Equity,IUSP LN Equity,IGWD LN Equity,DEL2 LN Equity,
ISXF LN Equity,LQDE LN Equity,IGLT LN Equity,IBTS LN Equity,IBCI LN Equity,IUSE LN Equity,IDVY LN Equity,IUSP LN Equity,IGWD LN Equity,DEL2 LN Equity,
ISXF LN Equity,LQDE LN Equity,IGLT LN Equity,IBTS LN Equity,IBCI LN Equity,IUSE LN Equity,IDVY LN Equity,IUSP LN Equity,IGWD LN Equity,DEL2 LN Equity,
ISXF LN Equity,LQDE LN Equity,IGLT LN Equity,IBTS LN Equity,IBCI LN Equity,IEEM LN Equity,IWDP LN Equity,IGUS LN Equity,XLVS LN Equity,HPRO LN Equity,
ISXF LN Equity,LQDE LN Equity,IGLT LN Equity,IBTS LN Equity,IBCI LN Equity,IEEM LN Equity,IWDP LN Equity,IGUS LN Equity,XLVS LN Equity,HPRO LN Equity,
ISXF LN Equity,LQDE LN Equity,IGLT LN Equity,IBTS LN Equity,IBCI LN Equity,IEEM LN Equity,IWDP LN Equity,IGUS LN Equity,XLVS LN Equity,HPRO LN Equity,
ISXF LN Equity,LQDE LN Equity,IGLT LN Equity,IBTS LN Equity,IBCI LN Equity,IEEM LN Equity,IWDP LN Equity,IGUS LN Equity,XLVS LN Equity,HPRO LN Equity,
ISXF LN Equity,LQDE LN Equity,IGLT LN Equity,IBTS LN Equity,IBCI LN Equity,IEEM LN Equity,IWDP LN Equity,IGUS LN Equity,XLVS LN Equity,HPRO LN Equity,
ISXF LN Equity,LQDE LN Equity,IGLT LN Equity,IBTS LN Equity,IBCI LN Equity,IEEM LN Equity,IWDP LN Equity,IGUS LN Equity,XLVS LN Equity,HPRO LN Equity,
ISXF LN Equity,LQDE LN Equity,IGLT LN Equity,IBTS LN Equity,IBCI LN Equity,IEEM LN Equity,IWDP LN Equity,IGUS LN Equity,XLVS LN Equity,HPRO LN Equity,
ISXF LN Equity,LQDE LN Equity,IGLT LN Equity,IBTS LN Equity,IBCI LN Equity,IEEM LN Equity,IWDP LN Equity,IGUS LN Equity,XLVS LN Equity,HPRO LN Equity,
ISXF LN Equity,LQDE LN Equity,IGLT LN Equity,IBTS LN Equity,IBCI LN Equity,IEEM LN Equity,IWDP LN Equity,IGUS LN Equity,XLVS LN Equity,HPRO LN Equity,
ISXF LN Equity,LQDE LN Equity,IGLT LN Equity,IBTS LN Equity,IBCI LN Equity,IEEM LN Equity,IWDP LN Equity,IGUS LN Equity,XLVS LN Equity,HPRO LN Equity,
ISXF LN Equity,LQDE LN Equity,IGLT LN Equity,IBTS LN Equity,IBCI LN Equity,IEEM LN Equity,IWDP LN Equity,IGUS LN Equity,XLVS LN Equity,HPRO LN Equity,
ISXF LN Equity,LQDE LN Equity,IGLT LN Equity,IBTS LN Equity,IBCI LN Equity,IEEM LN Equity,IWDP LN Equity,IGUS LN Equity,XLVS LN Equity,HPRO LN Equity,
ISXF LN Equity,LQDE LN Equity,IGLT LN Equity,IBTS LN Equity,IBCI LN Equity,IEEM LN Equity,IWDP LN Equity,IGUS LN Equity,XLVS LN Equity,HPRO LN Equity,
ISXF LN Equity,LQDE LN Equity,IGLT LN Equity,IBTS LN Equity,IBCI LN Equity,IEEM LN Equity,IWDP LN Equity,IGUS LN Equity,XLVS LN Equity,HPRO LN Equity,
ISXF LN Equity,LQDE LN Equity,IGLT LN Equity,IBTS LN Equity,IBCI LN Equity,IEEM LN Equity,IWDP LN Equity,IGUS LN Equity,XLVS LN Equity,HPRO LN Equity,
ISXF LN Equity,LQDE LN Equity,IGLT LN Equity,IBTS LN Equity,IBCI LN Equity,IEEM LN Equity,IWDP LN Equity,IGUS LN Equity,XLVS LN Equity,HPRO LN Equity,
ISXF LN Equity,LQDE LN Equity,IGLT LN Equity,IBTS LN Equity,IBCI LN Equity,IEEM LN Equity,IWDP LN Equity,IGUS LN Equity,XLVS LN Equity,HPRO LN Equity,
ISXF LN Equity,LQDE LN Equity,IGLT LN Equity,IBTS LN Equity,IBCI LN Equity,IEEM LN Equity,IWDP LN Equity,IGUS LN Equity,XLVS LN Equity,HPRO LN Equity,
ISXF LN Equity,LQDE LN Equity,IGLT LN Equity,IBTS LN Equity,IBCI LN Equity,IEEM LN Equity,IWDP LN Equity,IGUS LN Equity,XLVS LN Equity,HPRO LN Equity,
ISXF LN Equity,LQDE LN Equity,IGLT LN Equity,IBTS LN Equity,IBCI LN Equity,IEEM LN Equity,IWDP LN Equity,IGUS LN Equity,XLVS LN Equity,HPRO LN Equity,
ISXF LN Equity,LQDE LN Equity,IGLT LN Equity,IBTS LN Equity,IBCI LN Equity,IEEM LN Equity,IWDP LN Equity,IGUS LN Equity,XLVS LN Equity,HPRO LN Equity,
ISXF LN Equity,LQDE LN Equity,IGLT LN Equity,IBTS LN Equity,IBCI LN Equity,IEEM LN Equity,IWDP LN Equity,IGUS LN Equity,XLVS LN Equity,HPRO LN Equity,
ISXF LN Equity,LQDE LN Equity,IGLT LN Equity,IBTS LN Equity,IBCI LN Equity,ISF LN Equity,IDVY LN Equity,EUN LN Equity,XLIS LN Equity,DEL2 LN Equity,
ISXF LN Equity,LQDE LN Equity,IGLT LN Equity,IBTS LN Equity,IBCI LN Equity,ISF LN Equity,IDVY LN Equity,EUN LN Equity,XLIS LN Equity,DEL2 LN Equity,
ISXF LN Equity,LQDE LN Equity,IGLT LN Equity,IBTS LN Equity,IBCI LN Equity,ISF LN Equity,IDVY LN Equity,EUN LN Equity,XLIS LN Equity,DEL2 LN Equity,
ISXF LN Equity,LQDE LN Equity,IGLT LN Equity,IBTS LN Equity,IBCI LN Equity,ISF LN Equity,IDVY LN Equity,EUN LN Equity,XLIS LN Equity,DEL2 LN Equity,
ISXF LN Equity,LQDE LN Equity,IGLT LN Equity,IBTS LN Equity,IBCI LN Equity,ISF LN Equity,IDVY LN Equity,EUN LN Equity,XLIS LN Equity,DEL2 LN Equity,
ISXF LN Equity,LQDE LN Equity,IGLT LN Equity,IBTS LN Equity,IBCI LN Equity,ISF LN Equity,IDVY LN Equity,EUN LN Equity,XLIS LN Equity,DEL2 LN Equity,
ISXF LN Equity,LQDE LN Equity,IGLT LN Equity,IBTS LN Equity,IBCI LN Equity,ISF LN Equity,IDVY LN Equity,EUN LN Equity,XLIS LN Equity,DEL2 LN Equity,
ISXF LN Equity,LQDE LN Equity,IGLT LN Equity,IBTS LN Equity,IBCI LN Equity,ISF LN Equity,IDVY LN Equity,EUN LN Equity,XLIS LN Equity,DEL2 LN Equity,
ISXF LN Equity,LQDE LN Equity,IGLT LN Equity,IBTS LN Equity,IBCI LN Equity,ISF LN Equity,IDVY LN Equity,EUN LN Equity,XLIS LN Equity,DEL2 LN Equity,
ISXF LN Equity,LQDE LN Equity,IGLT LN Equity,IBTS LN Equity,IBCI LN Equity,ISF LN Equity,IDVY LN Equity,EUN LN Equity,XLIS LN Equity,DEL2 LN Equity,
ISXF LN Equity,LQDE LN Equity,IGLT LN Equity,IBTS LN Equity,IBCI LN Equity,ISF LN Equity,IDVY LN Equity,EUN LN Equity,XLIS LN Equity,DEL2 LN Equity,
ISXF LN Equity,LQDE LN Equity,IGLT LN Equity,IBTS LN Equity,IBCI LN Equity,ISF LN Equity,IDVY LN Equity,EUN LN Equity,XLIS LN Equity,DEL2 LN Equity,
ISXF LN Equity,LQDE LN Equity,IGLT LN Equity,IBTS LN Equity,IBCI LN Equity,ISF LN Equity,IDVY LN Equity,EUN LN Equity,XLIS LN Equity,DEL2 LN Equity,
ISXF LN Equity,LQDE LN Equity,IGLT LN Equity,IBTS LN Equity,IBCI LN Equity,ISF LN Equity,IDVY LN Equity,EUN LN Equity,XLIS LN Equity,DEL2 LN Equity,
ISXF LN Equity,LQDE LN Equity,IGLT LN Equity,IBTS LN Equity,IBCI LN Equity,ISF LN Equity,IDVY LN Equity,EUN LN Equity,XLIS LN Equity,DEL2 LN Equity,
ISXF LN Equity,LQDE LN Equity,IGLT LN Equity,IBTS LN Equity,IBCI LN Equity,ISF LN Equity,IDVY LN Equity,EUN LN Equity,XLIS LN Equity,DEL2 LN Equity,
ISXF LN Equity,LQDE LN Equity,IGLT LN Equity,IBTS LN Equity,IBCI LN Equity,ISF LN Equity,IDVY LN Equity,EUN LN Equity,XLIS LN Equity,DEL2 LN Equity,
ISXF LN Equity,LQDE LN Equity,IGLT LN Equity,IBTS LN Equity,IBCI LN Equity,ISF LN Equity,IDVY LN Equity,EUN LN Equity,XLIS LN Equity,DEL2 LN Equity,
ISXF LN Equity,LQDE LN Equity,IGLT LN Equity,IBTS LN Equity,IBCI LN Equity,ISF LN Equity,IDVY LN Equity,EUN LN Equity,XLIS LN Equity,DEL2 LN Equity,
ISXF LN Equity,LQDE LN Equity,IGLT LN Equity,IBTS LN Equity,IBCI LN Equity,ISF LN Equity,IDVY LN Equity,EUN LN Equity,XLIS LN Equity,DEL2 LN Equity,
ISXF LN Equity,LQDE LN Equity,IGLT LN Equity,IBTS LN Equity,IBCI LN Equity,ISF LN Equity,IDVY LN Equity,EUN LN Equity,XLIS LN Equity,DEL2 LN Equity,
ISXF LN Equity,LQDE LN Equity,IGLT LN Equity,IBTS LN Equity,IBCI LN Equity,ISF LN Equity,IDVY LN Equity,EUN LN Equity,XLIS LN Equity,DEL2 LN Equity,
ISXF LN Equity,LQDE LN Equity,IGLT LN Equity,IBTS LN Equity,IBCI LN Equity,ISF LN Equity,IDVY LN Equity,EUN LN Equity,XLIS LN Equity,DEL2 LN Equity,
ISXF LN Equity,LQDE LN Equity,IGLT LN Equity,IBTS LN Equity,IBCI LN Equity,ISF LN Equity,IDVY LN Equity,EUN LN Equity,XLIS LN Equity,DEL2 LN Equity,
ISXF LN Equity,LQDE LN Equity,IGLT LN Equity,IBTS LN Equity,IBCI LN Equity,ISF LN Equity,IDVY LN Equity,EUN LN Equity,XLIS LN Equity,DEL2 LN Equity,
ISXF LN Equity,LQDE LN Equity,IGLT LN Equity,IBTS LN Equity,IBCI LN Equity,ISF LN Equity,IDVY LN Equity,EUN LN Equity,XLIS LN Equity,DEL2 LN Equity,
ISXF LN Equity,LQDE LN Equity,IGLT LN Equity,IBTS LN Equity,IBCI LN Equity,ISF LN Equity,IDVY LN Equity,EUN LN Equity,XLIS LN Equity,DEL2 LN Equity,
ISXF LN Equity,LQDE LN Equity,IGLT LN Equity,IBTS LN Equity,IBCI LN Equity,ISF LN Equity,IDVY LN Equity,EUN LN Equity,XLIS LN Equity,DEL2 LN Equity,
ISXF LN Equity,LQDE LN Equity,IGLT LN Equity,IBTS LN Equity,IBCI LN Equity,ISF LN Equity,IDVY LN Equity,EUN LN Equity,XLIS LN Equity,DEL2 LN Equity,
ISXF LN Equity,LQDE LN Equity,IGLT LN Equity,IBTS LN Equity,IBCI LN Equity,ISF LN Equity,IDVY LN Equity,EUN LN Equity,XLIS LN Equity,DEL2 LN Equity,
ISXF LN Equity,LQDE LN Equity,IGLT LN Equity,IBTS LN Equity,IBCI LN Equity,ISF LN Equity,IDVY LN Equity,EUN LN Equity,XLIS LN Equity,DEL2 LN Equity,
ISXF LN Equity,LQDE LN Equity,IGLT LN Equity,IBTS LN Equity,IBCI LN Equity,ISF LN Equity,IDVY LN Equity,EUN LN Equity,XLIS LN Equity,DEL2 LN Equity,
ISXF LN Equity,LQDE LN Equity,IGLT LN Equity,IBTS LN Equity,IBCI LN Equity,ISF LN Equity,IDVY LN Equity,EUN LN Equity,XLIS LN Equity,DEL2 LN Equity,
ISXF LN Equity,LQDE LN Equity,IGLT LN Equity,IBTS LN Equity,IBCI LN Equity,ISF LN Equity,IDVY LN Equity,EUN LN Equity,XLIS LN Equity,DEL2 LN Equity,
ISXF LN Equity,LQDE LN Equity,IGLT LN Equity,IBTS LN Equity,IBCI LN Equity,ISF LN Equity,IDVY LN Equity,EUN LN Equity,XLIS LN Equity,DEL2 LN Equity,
ISXF LN Equity,LQDE LN Equity,IGLT LN Equity,IBTS LN Equity,IBCI LN Equity,ISF LN Equity,IDVY LN Equity,EUN LN Equity,XLIS LN Equity,DEL2 LN Equity,
ISXF LN Equity,LQDE LN Equity,IGLT LN Equity,IBTS LN Equity,IBCI LN Equity,ISF LN Equity,IDVY LN Equity,EUN LN Equity,XLIS LN Equity,DEL2 LN Equity,
ISXF LN Equity,LQDE LN Equity,IGLT LN Equity,IBTS LN Equity,IBCI LN Equity,ISF LN Equity,IDVY LN Equity,EUN LN Equity,XLIS LN Equity,DEL2 LN Equity,
ISXF LN Equity,LQDE LN Equity,IGLT LN Equity,IBTS LN Equity,IBCI LN Equity,ISF LN Equity,IDVY LN Equity,EUN LN Equity,XLIS LN Equity,DEL2 LN Equity,
ISXF LN Equity,LQDE LN Equity,IGLT LN Equity,IBTS LN Equity,IBCI LN Equity,ISF LN Equity,IDVY LN Equity,EUN LN Equity,XLIS LN Equity,DEL2 LN Equity,
ISXF LN Equity,LQDE LN Equity,IGLT LN Equity,IBTS LN Equity,IBCI LN Equity,ISF LN Equity,IDVY LN Equity,EUN LN Equity,XLIS LN Equity,DEL2 LN Equity,
ISXF LN Equity,LQDE LN Equity,IGLT LN Equity,IBTS LN Equity,IBCI LN Equity,ISF LN Equity,IDVY LN Equity,EUN LN Equity,XLIS LN Equity,DEL2 LN Equity,
ISXF LN Equity,LQDE LN Equity,IGLT LN Equity,IBTS LN Equity,IBCI LN Equity,ISF LN Equity,IDVY LN Equity,EUN LN Equity,XLIS LN Equity,DEL2 LN Equity,
ISXF LN Equity,LQDE LN Equity,IGLT LN Equity,IBTS LN Equity,IBCI LN Equity,ISF LN Equity,IDVY LN Equity,EUN LN Equity,XLIS LN Equity,DEL2 LN Equity,
ISXF LN Equity,LQDE LN Equity,IGLT LN Equity,IBTS LN Equity,IBCI LN Equity,IJPE LN Equity,IPRP LN Equity,LTAM LN Equity,IAUP LN Equity,SUK2 LN Equity,
ISXF LN Equity,LQDE LN Equity,IGLT LN Equity,IBTS LN Equity,IBCI LN Equity,IJPE LN Equity,IPRP LN Equity,LTAM LN Equity,IAUP LN Equity,SUK2 LN Equity,
ISXF LN Equity,LQDE LN Equity,IGLT LN Equity,IBTS LN Equity,IBCI LN Equity,IJPE LN Equity,IPRP LN Equity,LTAM LN Equity,IAUP LN Equity,SUK2 LN Equity,
ISXF LN Equity,LQDE LN Equity,IGLT LN Equity,IBTS LN Equity,IBCI LN Equity,VUKE LN Equity,IFFF LN Equity,IDVY LN Equity,LTAM LN Equity,EMAD LN Equity,
ISXF LN Equity,LQDE LN Equity,IGLT LN Equity,IBTS LN Equity,IBCI LN Equity,ISF LN Equity,IDVY LN Equity,IMIB LN Equity,IOGP LN Equity,XLES LN Equity,
ISXF LN Equity,LQDE LN Equity,IGLT LN Equity,IBTS LN Equity,IBCI LN Equity,ISF LN Equity,IDVY LN Equity,IMIB LN Equity,IOGP LN Equity,XLES LN Equity,
ISXF LN Equity,LQDE LN Equity,IGLT LN Equity,IBTS LN Equity,IBCI LN Equity,IWDP LN Equity,IJPE LN Equity,IOGP LN Equity,HPRO LN Equity,SUK2 LN Equity,
ISXF LN Equity,LQDE LN Equity,IGLT LN Equity,IBTS LN Equity,IBCI LN Equity,IWDP LN Equity,IJPE LN Equity,IOGP LN Equity,HPRO LN Equity,SUK2 LN Equity,
ISXF LN Equity,LQDE LN Equity,IGLT LN Equity,IBTS LN Equity,IBCI LN Equity,IWDP LN Equity,IJPE LN Equity,IOGP LN Equity,HPRO LN Equity,SUK2 LN Equity,
ISXF LN Equity,LQDE LN Equity,IGLT LN Equity,IBTS LN Equity,IBCI LN Equity,UDVD LN Equity,IUSE LN Equity,IMIB LN Equity,LTAM LN Equity,DEL2 LN Equity,
ISXF LN Equity,LQDE LN Equity,IGLT LN Equity,IBTS LN Equity,IBCI LN Equity,UDVD LN Equity,IUSE LN Equity,IMIB LN Equity,LTAM LN Equity,DEL2 LN Equity,
ISXF LN Equity,LQDE LN Equity,IGLT LN Equity,IBTS LN Equity,IBCI LN Equity,UDVD LN Equity,IUSE LN Equity,IMIB LN Equity,LTAM LN Equity,DEL2 LN Equity,
ISXF LN Equity,LQDE LN Equity,IGLT LN Equity,IBTS LN Equity,IBCI LN Equity,UDVD LN Equity,IUSE LN Equity,IMIB LN Equity,LTAM LN Equity,DEL2 LN Equity,
ISXF LN Equity,LQDE LN Equity,IGLT LN Equity,IBTS LN Equity,IBCI LN Equity,IEEM LN Equity,IUSE LN Equity,VDEM LN Equity,XLVS LN Equity,SUK2 LN Equity,
ISXF LN Equity,LQDE LN Equity,IGLT LN Equity,IBTS LN Equity,IBCI LN Equity,IEEM LN Equity,IUSE LN Equity,VDEM LN Equity,XLVS LN Equity,SUK2 LN Equity,
ISXF LN Equity,LQDE LN Equity,IGLT LN Equity,IBTS LN Equity,IBCI LN Equity,IEEM LN Equity,IUSE LN Equity,VDEM LN Equity,XLVS LN Equity,SUK2 LN Equity,
ISXF LN Equity,LQDE LN Equity,IGLT LN Equity,IBTS LN Equity,IBCI LN Equity,IEEM LN Equity,IUSE LN Equity,VDEM LN Equity,XLVS LN Equity,SUK2 LN Equity,
ISXF LN Equity,LQDE LN Equity,IGLT LN Equity,IBTS LN Equity,IBCI LN Equity,IEEM LN Equity,IUSE LN Equity,VDEM LN Equity,XLVS LN Equity,SUK2 LN Equity,
ISXF LN Equity,LQDE LN Equity,IGLT LN Equity,IBTS LN Equity,IBCI LN Equity,IEEM LN Equity,IUSE LN Equity,VDEM LN Equity,XLVS LN Equity,SUK2 LN Equity,
ISXF LN Equity,LQDE LN Equity,IGLT LN Equity,IBTS LN Equity,IBCI LN Equity,IEEM LN Equity,IUSE LN Equity,VDEM LN Equity,XLVS LN Equity,SUK2 LN Equity,
ISXF LN Equity,LQDE LN Equity,IGLT LN Equity,IBTS LN Equity,IBCI LN Equity,IEEM LN Equity,IUSE LN Equity,VDEM LN Equity,XLVS LN Equity,SUK2 LN Equity,
ISXF LN Equity,LQDE LN Equity,IGLT LN Equity,IBTS LN Equity,IBCI LN Equity,IEEM LN Equity,IUSE LN Equity,VDEM LN Equity,XLVS LN Equity,SUK2 LN Equity,
ISXF LN Equity,LQDE LN Equity,IGLT LN Equity,IBTS LN Equity,IBCI LN Equity,IEEM LN Equity,IUSE LN Equity,VDEM LN Equity,XLVS LN Equity,SUK2 LN Equity,
ISXF LN Equity,LQDE LN Equity,IGLT LN Equity,IBTS LN Equity,IBCI LN Equity,IEEM LN Equity,IUSE LN Equity,VDEM LN Equity,XLVS LN Equity,SUK2 LN Equity,
ISXF LN Equity,LQDE LN Equity,IGLT LN Equity,IBTS LN Equity,IBCI LN Equity,IUKP LN Equity,SPY4 LN Equity,XLKS LN Equity,IMIB LN Equity,IOGP LN Equity,
ISXF LN Equity,LQDE LN Equity,IGLT LN Equity,IBTS LN Equity,IBCI LN Equity,IUKP LN Equity,SPY4 LN Equity,XLKS LN Equity,IMIB LN Equity,IOGP LN Equity,
ISXF LN Equity,LQDE LN Equity,IGLT LN Equity,IBTS LN Equity,IBCI LN Equity,IUKP LN Equity,SPY4 LN Equity,XLKS LN Equity,IMIB LN Equity,IOGP LN Equity,
ISXF LN Equity,LQDE LN Equity,IGLT LN Equity,IBTS LN Equity,IBCI LN Equity,IUKP LN Equity,SPY4 LN Equity,XLKS LN Equity,IMIB LN Equity,IOGP LN Equity,
ISXF LN Equity,LQDE LN Equity,IGLT LN Equity,IBTS LN Equity,IBCI LN Equity,IUKP LN Equity,SPY4 LN Equity,XLKS LN Equity,IMIB LN Equity,IOGP LN Equity,
ISXF LN Equity,LQDE LN Equity,IGLT LN Equity,IBTS LN Equity,IBCI LN Equity,IUKP LN Equity,SPY4 LN Equity,XLKS LN Equity,IMIB LN Equity,IOGP LN Equity,
ISXF LN Equity,LQDE LN Equity,IGLT LN Equity,IBTS LN Equity,IBCI LN Equity,IUKP LN Equity,SPY4 LN Equity,XLKS LN Equity,IMIB LN Equity,IOGP LN Equity,
ISXF LN Equity,LQDE LN Equity,IGLT LN Equity,IBTS LN Equity,IBCI LN Equity,IUKP LN Equity,SPY4 LN Equity,XLKS LN Equity,IMIB LN Equity,IOGP LN Equity,
ISXF LN Equity,LQDE LN Equity,IGLT LN Equity,IBTS LN Equity,IBCI LN Equity,IUSA LN Equity,UDVD LN Equity,IPRP LN Equity,XLFS LN Equity,XLKS LN Equity,
ISXF LN Equity,LQDE LN Equity,IGLT LN Equity,IBTS LN Equity,IBCI LN Equity,IUSA LN Equity,UDVD LN Equity,IPRP LN Equity,XLFS LN Equity,XLKS LN Equity,
ISXF LN Equity,LQDE LN Equity,IGLT LN Equity,IBTS LN Equity,IBCI LN Equity,IUSA LN Equity,UDVD LN Equity,IPRP LN Equity,XLFS LN Equity,XLKS LN Equity,
ISXF LN Equity,LQDE LN Equity,IGLT LN Equity,IBTS LN Equity,IBCI LN Equity,IUSA LN Equity,UDVD LN Equity,IPRP LN Equity,XLFS LN Equity,XLKS LN Equity,
ISXF LN Equity,LQDE LN Equity,IGLT LN Equity,IBTS LN Equity,IBCI LN Equity,IUSA LN Equity,UDVD LN Equity,IPRP LN Equity,XLFS LN Equity,XLKS LN Equity,
ISXF LN Equity,LQDE LN Equity,IGLT LN Equity,IBTS LN Equity,IBCI LN Equity,IUSA LN Equity,UDVD LN Equity,IPRP LN Equity,XLFS LN Equity,XLKS LN Equity,
ISXF LN Equity,LQDE LN Equity,IGLT LN Equity,IBTS LN Equity,IBCI LN Equity,IUSA LN Equity,UDVD LN Equity,IPRP LN Equity,XLFS LN Equity,XLKS LN Equity,
ISXF LN Equity,LQDE LN Equity,IGLT LN Equity,IBTS LN Equity,IBCI LN Equity,ISF LN Equity,VUKE LN Equity,UDVD LN Equity,SPMV LN Equity,ACWD LN Equity,
ISXF LN Equity,LQDE LN Equity,IGLT LN Equity,IBTS LN Equity,IBCI LN Equity,SWDA LN Equity,VWRD LN Equity,XLFS LN Equity,XLKS LN Equity,IGWD LN Equity,
ISXF LN Equity,LQDE LN Equity,IGLT LN Equity,IBTS LN Equity,IBCI LN Equity,SWDA LN Equity,VWRD LN Equity,XLFS LN Equity,XLKS LN Equity,IGWD LN Equity,
ISXF LN Equity,LQDE LN Equity,IGLT LN Equity,IBTS LN Equity,IBCI LN Equity,SWDA LN Equity,VWRD LN Equity,XLFS LN Equity,XLKS LN Equity,IGWD LN Equity,
ISXF LN Equity,LQDE LN Equity,IGLT LN Equity,IBTS LN Equity,IBCI LN Equity,XLKS LN Equity,LTAM LN Equity,IAUP LN Equity,IOGP LN Equity,HPRO LN Equity,
ISXF LN Equity,LQDE LN Equity,IGLT LN Equity,IBTS LN Equity,IBCI LN Equity,IEEM LN Equity,IUKD LN Equity,IUSP LN Equity,IMIB LN Equity,IAUP LN Equity,
ISXF LN Equity,LQDE LN Equity,IGLT LN Equity,IBTS LN Equity,IBCI LN Equity,IWDP LN Equity,IUSP LN Equity,IOGP LN Equity,EMAD LN Equity,XLES LN Equity,
ISXF LN Equity,LQDE LN Equity,IGLT LN Equity,IBTS LN Equity,IBCI LN Equity,IFFF LN Equity,VDEM LN Equity,SPY4 LN Equity,IKOR LN Equity,SUK2 LN Equity,
ISXF LN Equity,LQDE LN Equity,IGLT LN Equity,IBTS LN Equity,IBCI LN Equity,IFFF LN Equity,VDEM LN Equity,SPY4 LN Equity,IKOR LN Equity,SUK2 LN Equity,
ISXF LN Equity,LQDE LN Equity,IGLT LN Equity,IBTS LN Equity,IBCI LN Equity,IFFF LN Equity,VDEM LN Equity,SPY4 LN Equity,IKOR LN Equity,SUK2 LN Equity,
ISXF LN Equity,LQDE LN Equity,IGLT LN Equity,IBTS LN Equity,IBCI LN Equity,IUSA LN Equity,FXC LN Equity,XLVS LN Equity,DEL2 LN Equity,SUK2 LN Equity,
ISXF LN Equity,LQDE LN Equity,IGLT LN Equity,IBTS LN Equity,IBCI LN Equity,IJPN LN Equity,IDVY LN Equity,IUSP LN Equity,FXC LN Equity,IOGP LN Equity,
ISXF LN Equity,LQDE LN Equity,IGLT LN Equity,IBTS LN Equity,IBCI LN Equity,IJPN LN Equity,IDVY LN Equity,IUSP LN Equity,FXC LN Equity,IOGP LN Equity,
ISXF LN Equity,LQDE LN Equity,IGLT LN Equity,IBTS LN Equity,IBCI LN Equity,IJPN LN Equity,IDVY LN Equity,IUSP LN Equity,FXC LN Equity,IOGP LN Equity,
ISXF LN Equity,LQDE LN Equity,IGLT LN Equity,IBTS LN Equity,IBCI LN Equity,IJPN LN Equity,IDVY LN Equity,IUSP LN Equity,FXC LN Equity,IOGP LN Equity,
ISXF LN Equity,LQDE LN Equity,IGLT LN Equity,IBTS LN Equity,IBCI LN Equity,IUKD LN Equity,XLKS LN Equity,MLPD LN Equity,IAUP LN Equity,DEL2 LN Equity,
ISXF LN Equity,LQDE LN Equity,IGLT LN Equity,IBTS LN Equity,IBCI LN Equity,VDEM LN Equity,SPY4 LN Equity,LTAM LN Equity,ACWD LN Equity,IGWD LN Equity,
ISXF LN Equity,LQDE LN Equity,IGLT LN Equity,IBTS LN Equity,IBCI LN Equity,IUKP LN Equity,XLFS LN Equity,XLKS LN Equity,MLPD LN Equity,IGWD LN Equity,
ISXF LN Equity,LQDE LN Equity,IGLT LN Equity,IBTS LN Equity,IBCI LN Equity,IUKP LN Equity,XLFS LN Equity,XLKS LN Equity,MLPD LN Equity,IGWD LN Equity,
ISXF LN Equity,LQDE LN Equity,IGLT LN Equity,IBTS LN Equity,IBCI LN Equity,IUKP LN Equity,XLFS LN Equity,XLKS LN Equity,MLPD LN Equity,IGWD LN Equity,
ISXF LN Equity,LQDE LN Equity,IGLT LN Equity,IBTS LN Equity,IBCI LN Equity,IMEU LN Equity,ISF LN Equity,IUKD LN Equity,SPY4 LN Equity,XLVS LN Equity,
ISXF LN Equity,LQDE LN Equity,IGLT LN Equity,IBTS LN Equity,IBCI LN Equity,IMEU LN Equity,ISF LN Equity,IUKD LN Equity,SPY4 LN Equity,XLVS LN Equity,
ISXF LN Equity,LQDE LN Equity,IGLT LN Equity,IBTS LN Equity,IBCI LN Equity,IMEU LN Equity,ISF LN Equity,IUKD LN Equity,SPY4 LN Equity,XLVS LN Equity,
ISXF LN Equity,LQDE LN Equity,IGLT LN Equity,IBTS LN Equity,IBCI LN Equity,IMEU LN Equity,ISF LN Equity,IUKD LN Equity,SPY4 LN Equity,XLVS LN Equity,
ISXF LN Equity,LQDE LN Equity,IGLT LN Equity,IBTS LN Equity,IBCI LN Equity,IMEU LN Equity,SPY4 LN Equity,XLKS LN Equity,IAUP LN Equity,XLVS LN Equity,
ISXF LN Equity,LQDE LN Equity,IGLT LN Equity,IBTS LN Equity,IBCI LN Equity,IMEU LN Equity,SPY4 LN Equity,XLKS LN Equity,IAUP LN Equity,XLVS LN Equity,
ISXF LN Equity,LQDE LN Equity,IGLT LN Equity,IBTS LN Equity,IBCI LN Equity,SPMV LN Equity,XLFS LN Equity,IJPD LN Equity,EMAD LN Equity,SUK2 LN Equity,
ISXF LN Equity,LQDE LN Equity,IGLT LN Equity,IBTS LN Equity,IBCI LN Equity,SPMV LN Equity,XLFS LN Equity,IJPD LN Equity,EMAD LN Equity,SUK2 LN Equity,
ISXF LN Equity,LQDE LN Equity,IGLT LN Equity,IBTS LN Equity,IBCI LN Equity,SWDA LN Equity,IDP6 LN Equity,FXC LN Equity,LTAM LN Equity,XLES LN Equity,
ISXF LN Equity,LQDE LN Equity,IGLT LN Equity,IBTS LN Equity,IBCI LN Equity,SWDA LN Equity,IDP6 LN Equity,FXC LN Equity,LTAM LN Equity,XLES LN Equity,
ISXF LN Equity,LQDE LN Equity,IGLT LN Equity,IBTS LN Equity,IBCI LN Equity,SWDA LN Equity,IDP6 LN Equity,FXC LN Equity,LTAM LN Equity,XLES LN Equity,
ISXF LN Equity,LQDE LN Equity,IGLT LN Equity,IBTS LN Equity,IBCI LN Equity,SWDA LN Equity,IDP6 LN Equity,FXC LN Equity,LTAM LN Equity,XLES LN Equity,
ISXF LN Equity,LQDE LN Equity,IGLT LN Equity,IBTS LN Equity,IBCI LN Equity,IUSE LN Equity,IEUX LN Equity,IUKP LN Equity,IUSP LN Equity,IMIB LN Equity,
ISXF LN Equity,LQDE LN Equity,IGLT LN Equity,IBTS LN Equity,IBCI LN Equity,IUSE LN Equity,IEUX LN Equity,IUKP LN Equity,IUSP LN Equity,IMIB LN Equity,
ISXF LN Equity,LQDE LN Equity,IGLT LN Equity,IBTS LN Equity,IBCI LN Equity,IJPN LN Equity,IDP6 LN Equity,FXC LN Equity,IAUP LN Equity,IOGP LN Equity,
ISXF LN Equity,LQDE LN Equity,IGLT LN Equity,IBTS LN Equity,IBCI LN Equity,IJPN LN Equity,IDP6 LN Equity,FXC LN Equity,IAUP LN Equity,IOGP LN Equity,
ISXF LN Equity,LQDE LN Equity,IGLT LN Equity,IBTS LN Equity,IBCI LN Equity,IJPN LN Equity,IDP6 LN Equity,FXC LN Equity,IAUP LN Equity,IOGP LN Equity,
ISXF LN Equity,LQDE LN Equity,IGLT LN Equity,IBTS LN Equity,IBCI LN Equity,IEEM LN Equity,IWDP LN Equity,VDEM LN Equity,IDVY LN Equity,XLKS LN Equity,
ISXF LN Equity,LQDE LN Equity,IGLT LN Equity,IBTS LN Equity,IBCI LN Equity,IEEM LN Equity,IWDP LN Equity,VDEM LN Equity,IDVY LN Equity,XLKS LN Equity,
ISXF LN Equity,LQDE LN Equity,IGLT LN Equity,IBTS LN Equity,IBCI LN Equity,IWDP LN Equity,UDVD LN Equity,SPMV LN Equity,IUKP LN Equity,HPRO LN Equity,
ISXF LN Equity,LQDE LN Equity,IGLT LN Equity,IBTS LN Equity,IBCI LN Equity,IWDP LN Equity,UDVD LN Equity,SPMV LN Equity,IUKP LN Equity,HPRO LN Equity,
ISXF LN Equity,LQDE LN Equity,IGLT LN Equity,IBTS LN Equity,IBCI LN Equity,IWDP LN Equity,UDVD LN Equity,SPMV LN Equity,IUKP LN Equity,HPRO LN Equity,
ISXF LN Equity,LQDE LN Equity,IGLT LN Equity,IBTS LN Equity,IBCI LN Equity,VUKE LN Equity,FXC LN Equity,MLPD LN Equity,IAUP LN Equity,EMAD LN Equity,
ISXF LN Equity,LQDE LN Equity,IGLT LN Equity,IBTS LN Equity,IBCI LN Equity,VUKE LN Equity,FXC LN Equity,MLPD LN Equity,IAUP LN Equity,EMAD LN Equity,
IEAC LN Equity,IBGX LN Equity,CORP LN Equity,IESP LN Equity,IBTS LN Equity,VUKE LN Equity,FXC LN Equity,MLPD LN Equity,IAUP LN Equity,EMAD LN Equity,
IEAC LN Equity,IBGX LN Equity,CORP LN Equity,IESP LN Equity,IBTS LN Equity,VUKE LN Equity,FXC LN Equity,MLPD LN Equity,IAUP LN Equity,EMAD LN Equity,
IEAC LN Equity,IBGX LN Equity,CORP LN Equity,IESP LN Equity,IBTS LN Equity,VUKE LN Equity,FXC LN Equity,MLPD LN Equity,IAUP LN Equity,EMAD LN Equity,
IEAC LN Equity,IBGX LN Equity,CORP LN Equity,IESP LN Equity,IBTS LN Equity,VUKE LN Equity,FXC LN Equity,MLPD LN Equity,IAUP LN Equity,EMAD LN Equity,
IEAC LN Equity,IBGX LN Equity,CORP LN Equity,IESP LN Equity,IBTS LN Equity,VUKE LN Equity,FXC LN Equity,MLPD LN Equity,IAUP LN Equity,EMAD LN Equity,
IEAC LN Equity,IBGX LN Equity,CORP LN Equity,IESP LN Equity,IBTS LN Equity,VUKE LN Equity,FXC LN Equity,MLPD LN Equity,IAUP LN Equity,EMAD LN Equity,
IEAC LN Equity,IBGX LN Equity,CORP LN Equity,IESP LN Equity,IBTS LN Equity,LTAM LN Equity,IAUP LN Equity,IOGP LN Equity,SUK2 LN Equity,UK3S LN Equity,
IEAC LN Equity,IBGX LN Equity,CORP LN Equity,IESP LN Equity,IBTS LN Equity,LTAM LN Equity,IAUP LN Equity,IOGP LN Equity,SUK2 LN Equity,UK3S LN Equity,
IEAC LN Equity,IBGX LN Equity,CORP LN Equity,IESP LN Equity,IBTS LN Equity,LTAM LN Equity,IAUP LN Equity,IOGP LN Equity,SUK2 LN Equity,UK3S LN Equity,
IEAC LN Equity,IBGX LN Equity,CORP LN Equity,IESP LN Equity,IBTS LN Equity,LTAM LN Equity,IAUP LN Equity,IOGP LN Equity,SUK2 LN Equity,UK3S LN Equity,
IEAC LN Equity,IBGX LN Equity,CORP LN Equity,IESP LN Equity,IBTS LN Equity,LTAM LN Equity,IAUP LN Equity,IOGP LN Equity,SUK2 LN Equity,UK3S LN Equity,
IEAC LN Equity,IBGX LN Equity,CORP LN Equity,IESP LN Equity,IBTS LN Equity,LTAM LN Equity,IAUP LN Equity,IOGP LN Equity,SUK2 LN Equity,UK3S LN Equity,
IEAC LN Equity,IBGX LN Equity,CORP LN Equity,IESP LN Equity,IBTS LN Equity,LTAM LN Equity,IAUP LN Equity,IOGP LN Equity,SUK2 LN Equity,UK3S LN Equity,
IEAC LN Equity,IBGX LN Equity,CORP LN Equity,IESP LN Equity,IBTS LN Equity,IJPN LN Equity,IFFF LN Equity,EUN LN Equity,EMAD LN Equity,XLES LN Equity,
IEAC LN Equity,IBGX LN Equity,CORP LN Equity,IESP LN Equity,IBTS LN Equity,IJPN LN Equity,IFFF LN Equity,EUN LN Equity,EMAD LN Equity,XLES LN Equity,
IEAC LN Equity,IBGX LN Equity,CORP LN Equity,IESP LN Equity,IBTS LN Equity,SWDA LN Equity,LTAM LN Equity,XLVS LN Equity,DEL2 LN Equity,SUK2 LN Equity,
